Season,LactationStage,Parity,MilkYield,pH,EC,SCC,Stage
Winter,,,,6.445,4.266,0.512,Healthy
Winter,,,,6.517,4.284,0.507,Healthy
Winter,,,,6.521,4.319,0.514,Healthy
Winter,,,,6.448,4.256,0.493,Healthy
Winter,,,,6.427,4.2,0.456,Healthy
Winter,,,,6.371,4.214,0.489,Healthy
Winter,,,,6.346,4.193,0.499,Healthy
Winter,,,,6.394,4.258,0.478,Healthy
Winter,,,,6.372,4.252,0.48,Healthy
Winter,,,,6.436,4.247,0.492,Healthy
Winter,,,,6.368,4.31,0.515,Healthy
Winter,,,,6.336,4.266,0.482,Healthy
Winter,,,,6.425,4.198,0.461,Healthy
Winter,,,,6.424,4.289,0.512,Healthy
Winter,,,,6.402,4.247,0.474,Healthy
Winter,,,,6.36,4.229,0.505,Healthy
Winter,,,,6.434,4.207,0.488,Healthy
Winter,,,,6.383,4.229,0.498,Healthy
Winter,,,,6.482,4.313,0.506,Healthy
Winter,,,,6.388,4.265,0.515,Healthy
Winter,,,,6.376,4.244,0.478,Healthy
Winter,,,,6.326,4.262,0.519,Healthy
Winter,,,,6.405,4.293,0.516,Healthy
Winter,,,,6.365,4.259,0.521,Healthy
Winter,,,,6.407,4.312,0.478,Healthy
Winter,,,,6.468,4.28,0.503,Healthy
Winter,,,,6.416,4.194,0.476,Healthy
Winter,,,,6.435,4.318,0.511,Healthy
Winter,,,,6.353,4.226,0.501,Healthy
Winter,,,,6.433,4.249,0.504,Healthy
Winter,,,,6.417,4.295,0.501,Healthy
Winter,,,,6.387,4.24,0.472,Healthy
Winter,,,,6.431,4.275,0.505,Healthy
Winter,,,,6.394,4.207,0.477,Healthy
Winter,,,,6.386,4.225,0.486,Healthy
Winter,,,,6.438,4.333,0.526,Healthy
Winter,,,,6.428,4.263,0.473,Healthy
Winter,,,,6.408,4.261,0.536,Healthy
Winter,,,,6.397,4.266,0.501,Healthy
Winter,,,,6.328,4.274,0.514,Healthy
Winter,,,,6.465,4.246,0.517,Healthy
Winter,,,,6.312,4.25,0.527,Healthy
Winter,,,,6.341,4.22,0.487,Healthy
Winter,,,,6.375,4.197,0.48,Healthy
Winter,,,,6.336,4.254,0.483,Healthy
Winter,,,,6.518,4.266,0.5,Healthy
Winter,,,,6.467,4.235,0.497,Healthy
Winter,,,,6.501,4.233,0.496,Healthy
Winter,,,,6.428,4.292,0.493,Healthy
Winter,,,,6.318,4.25,0.499,Healthy
Winter,,,,6.428,4.277,0.496,Healthy
Winter,,,,6.426,4.275,0.495,Healthy
Winter,,,,6.541,4.315,0.503,Healthy
Winter,,,,6.456,4.241,0.506,Healthy
Winter,,,,6.491,4.256,0.515,Healthy
Winter,,,,6.439,4.297,0.54,Healthy
Winter,,,,6.393,4.229,0.477,Healthy
Winter,,,,6.353,4.24,0.497,Healthy
Winter,,,,6.429,4.294,0.511,Healthy
Winter,,,,6.512,4.282,0.549,Healthy
Winter,,,,6.454,4.244,0.48,Healthy
Winter,,,,6.444,4.263,0.512,Healthy
Winter,,,,6.443,4.267,0.491,Healthy
Winter,,,,6.304,4.213,0.495,Healthy
Winter,,,,6.425,4.222,0.491,Healthy
Winter,,,,6.437,4.238,0.496,Healthy
Winter,,,,6.414,4.222,0.493,Healthy
Winter,,,,6.449,4.309,0.532,Healthy
Winter,,,,6.314,4.199,0.486,Healthy
Winter,,,,6.446,4.288,0.566,Healthy
Winter,,,,6.45,4.311,0.531,Healthy
Winter,,,,6.456,4.263,0.513,Healthy
Winter,,,,6.356,4.236,0.484,Healthy
Winter,,,,6.416,4.34,0.499,Healthy
Winter,,,,6.458,4.22,0.481,Healthy
Winter,,,,6.486,4.285,0.494,Healthy
Winter,,,,6.36,4.268,0.491,Healthy
Winter,,,,6.425,4.266,0.493,Healthy
Winter,,,,6.56,4.327,0.495,Healthy
Winter,,,,6.423,4.241,0.507,Healthy
Winter,,,,6.355,4.239,0.5,Healthy
Winter,,,,6.471,4.237,0.489,Healthy
Winter,,,,6.377,4.228,0.515,Healthy
Winter,,,,6.438,4.226,0.503,Healthy
Winter,,,,6.559,4.34,0.506,Healthy
Winter,,,,6.376,4.293,0.499,Healthy
Winter,,,,6.441,4.296,0.499,Healthy
Winter,,,,6.406,4.148,0.449,Healthy
Winter,,,,6.392,4.212,0.508,Healthy
Winter,,,,6.31,4.215,0.485,Healthy
Winter,,,,6.511,4.241,0.513,Healthy
Winter,,,,6.411,4.227,0.496,Healthy
Winter,,,,6.424,4.244,0.496,Healthy
Winter,,,,6.383,4.256,0.508,Healthy
Winter,,,,6.521,4.251,0.531,Healthy
Winter,,,,6.273,4.214,0.491,Healthy
Winter,,,,6.43,4.245,0.492,Healthy
Winter,,,,6.375,4.23,0.502,Healthy
Winter,,,,6.435,4.244,0.509,Healthy
Winter,,,,6.432,4.294,0.521,Healthy
Winter,,,,6.565,4.654,3.49,Subclinical
Winter,,,,6.695,4.715,3.533,Subclinical
Winter,,,,6.755,4.708,3.56,Subclinical
Winter,,,,6.622,4.685,3.56,Subclinical
Winter,,,,6.714,4.756,3.674,Subclinical
Winter,,,,6.642,4.73,3.515,Subclinical
Winter,,,,6.669,4.703,3.513,Subclinical
Winter,,,,6.694,4.681,3.633,Subclinical
Winter,,,,6.549,4.622,3.477,Subclinical
Winter,,,,6.711,4.747,3.612,Subclinical
Winter,,,,6.639,4.662,3.456,Subclinical
Winter,,,,6.579,4.724,3.514,Subclinical
Winter,,,,6.566,4.665,3.479,Subclinical
Winter,,,,6.589,4.65,3.45,Subclinical
Winter,,,,6.662,4.685,3.448,Subclinical
Winter,,,,6.661,4.645,3.328,Subclinical
Winter,,,,6.575,4.672,3.482,Subclinical
Winter,,,,6.773,4.775,3.596,Subclinical
Winter,,,,6.638,4.657,3.443,Subclinical
Winter,,,,6.614,4.706,3.445,Subclinical
Winter,,,,6.687,4.779,3.597,Subclinical
Winter,,,,6.676,4.74,3.525,Subclinical
Winter,,,,6.66,4.706,3.517,Subclinical
Winter,,,,6.57,4.681,3.506,Subclinical
Winter,,,,6.771,4.779,3.769,Subclinical
Winter,,,,6.571,4.717,3.529,Subclinical
Winter,,,,6.837,4.723,3.485,Subclinical
Winter,,,,6.586,4.594,3.321,Subclinical
Winter,,,,6.572,4.686,3.502,Subclinical
Winter,,,,6.809,4.79,3.587,Subclinical
Winter,,,,6.559,4.697,3.393,Subclinical
Winter,,,,6.805,4.798,3.605,Subclinical
Winter,,,,6.486,4.713,3.495,Subclinical
Winter,,,,6.751,4.665,3.42,Subclinical
Winter,,,,6.64,4.702,3.47,Subclinical
Winter,,,,6.696,4.671,3.457,Subclinical
Winter,,,,6.651,4.725,3.585,Subclinical
Winter,,,,6.539,4.605,3.464,Subclinical
Winter,,,,6.67,4.677,3.586,Subclinical
Winter,,,,6.65,4.753,3.574,Subclinical
Winter,,,,6.825,4.829,3.662,Subclinical
Winter,,,,6.727,4.753,3.675,Subclinical
Winter,,,,6.553,4.704,3.575,Subclinical
Winter,,,,6.482,4.603,3.214,Subclinical
Winter,,,,6.616,4.723,3.638,Subclinical
Winter,,,,6.647,4.771,3.491,Subclinical
Winter,,,,6.487,4.653,3.455,Subclinical
Winter,,,,6.637,4.611,3.38,Subclinical
Winter,,,,6.523,4.694,3.51,Subclinical
Winter,,,,6.555,4.653,3.356,Subclinical
Winter,,,,6.634,4.739,3.477,Subclinical
Winter,,,,6.685,4.691,3.434,Subclinical
Winter,,,,6.63,4.653,3.399,Subclinical
Winter,,,,6.532,4.752,3.56,Subclinical
Winter,,,,6.577,4.691,3.475,Subclinical
Winter,,,,6.62,4.72,3.58,Subclinical
Winter,,,,6.592,4.662,3.427,Subclinical
Winter,,,,6.433,4.575,3.423,Subclinical
Winter,,,,6.788,4.733,3.596,Subclinical
Winter,,,,6.668,4.839,3.762,Subclinical
Winter,,,,6.628,4.656,3.325,Subclinical
Winter,,,,6.658,4.673,3.363,Subclinical
Winter,,,,6.582,4.637,3.538,Subclinical
Winter,,,,6.719,4.723,3.644,Subclinical
Winter,,,,6.647,4.665,3.568,Subclinical
Winter,,,,6.689,4.67,3.452,Subclinical
Winter,,,,6.561,4.618,3.457,Subclinical
Winter,,,,6.812,4.691,3.544,Subclinical
Winter,,,,6.581,4.662,3.403,Subclinical
Winter,,,,6.562,4.679,3.406,Subclinical
Winter,,,,6.664,4.705,3.491,Subclinical
Winter,,,,6.558,4.652,3.487,Subclinical
Winter,,,,6.685,4.672,3.475,Subclinical
Winter,,,,6.708,4.649,3.48,Subclinical
Winter,,,,6.58,4.707,3.448,Subclinical
Winter,,,,6.478,4.583,3.341,Subclinical
Winter,,,,6.663,4.668,3.508,Subclinical
Winter,,,,6.49,4.653,3.34,Subclinical
Winter,,,,6.581,4.685,3.413,Subclinical
Winter,,,,6.605,4.733,3.497,Subclinical
Winter,,,,6.715,4.674,3.512,Subclinical
Winter,,,,6.77,4.633,3.366,Subclinical
Winter,,,,6.692,4.707,3.54,Subclinical
Winter,,,,6.586,4.688,3.469,Subclinical
Winter,,,,6.745,4.742,3.587,Subclinical
Winter,,,,6.603,4.668,3.425,Subclinical
Winter,,,,6.676,4.692,3.514,Subclinical
Winter,,,,6.827,4.792,3.609,Subclinical
Winter,,,,6.748,4.714,3.378,Subclinical
Winter,,,,6.549,4.594,3.331,Subclinical
Winter,,,,6.642,4.772,3.616,Subclinical
Winter,,,,6.62,4.73,3.374,Subclinical
Winter,,,,6.661,4.739,3.443,Subclinical
Winter,,,,6.743,4.744,3.535,Subclinical
Winter,,,,6.697,4.813,3.663,Subclinical
Winter,,,,6.662,4.687,3.423,Subclinical
Winter,,,,6.715,4.685,3.493,Subclinical
Winter,,,,6.597,4.708,3.531,Subclinical
Winter,,,,6.733,4.706,3.495,Subclinical
Winter,,,,6.552,4.655,3.463,Subclinical
Winter,,,,6.953,4.8,15.01,Clinical
Winter,,,,6.995,4.988,22.19,Clinical
Winter,,,,6.846,4.659,3.496,Clinical
Winter,,,,7.005,5.025,17.047,Clinical
Winter,,,,6.92,4.745,18.564,Clinical
Winter,,,,6.909,4.871,15.843,Clinical
Winter,,,,6.934,4.908,12.054,Clinical
Winter,,,,6.933,5.09,22.388,Clinical
Winter,,,,7.012,4.902,11.682,Clinical
Winter,,,,6.891,4.848,16.411,Clinical
Winter,,,,6.782,4.903,13.229,Clinical
Winter,,,,6.87,4.709,5.006,Clinical
Winter,,,,6.958,4.914,10.766,Clinical
Winter,,,,6.809,4.724,15.264,Clinical
Winter,,,,6.882,4.666,8.501,Clinical
Winter,,,,6.881,4.533,6.339,Clinical
Winter,,,,6.884,4.911,20.012,Clinical
Winter,,,,6.979,4.897,11.071,Clinical
Winter,,,,7.08,5.033,17.76,Clinical
Winter,,,,6.898,4.87,13.108,Clinical
Winter,,,,6.86,4.75,10.799,Clinical
Winter,,,,6.862,4.734,10.9,Clinical
Winter,,,,6.882,4.999,7.994,Clinical
Winter,,,,6.976,5.062,11.503,Clinical
Winter,,,,6.876,4.785,7.376,Clinical
Winter,,,,6.846,4.674,14.642,Clinical
Winter,,,,6.965,5.055,19.878,Clinical
Winter,,,,6.821,4.715,11.496,Clinical
Winter,,,,6.814,4.845,11.922,Clinical
Winter,,,,6.874,4.903,15.483,Clinical
Winter,,,,6.875,4.953,11.846,Clinical
Winter,,,,6.943,4.958,14.608,Clinical
Winter,,,,6.923,4.734,13.682,Clinical
Winter,,,,6.887,4.78,14.849,Clinical
Winter,,,,6.851,4.646,3.923,Clinical
Winter,,,,6.942,4.75,16.65,Clinical
Winter,,,,6.754,4.895,14.072,Clinical
Winter,,,,6.893,4.783,12.954,Clinical
Winter,,,,6.897,4.969,15.948,Clinical
Winter,,,,6.911,4.82,12.393,Clinical
Winter,,,,6.922,4.682,5.621,Clinical
Winter,,,,6.952,4.92,14.248,Clinical
Winter,,,,6.901,4.89,12.308,Clinical
Winter,,,,6.846,4.818,9.239,Clinical
Winter,,,,6.929,4.69,13.115,Clinical
Winter,,,,6.933,4.911,17.56,Clinical
Winter,,,,7.017,5.076,12.678,Clinical
Winter,,,,6.81,4.693,9.583,Clinical
Winter,,,,6.936,4.805,12.949,Clinical
Winter,,,,6.847,4.731,6.117,Clinical
Winter,,,,6.835,4.637,5.459,Clinical
Winter,,,,6.974,4.817,20.875,Clinical
Winter,,,,6.935,4.904,11.777,Clinical
Winter,,,,6.949,4.834,13.408,Clinical
Winter,,,,7.079,5.014,20.87,Clinical
Winter,,,,6.851,4.798,17.286,Clinical
Winter,,,,6.856,5.008,18.374,Clinical
Winter,,,,6.861,4.881,16.602,Clinical
Winter,,,,6.944,4.719,8.391,Clinical
Winter,,,,6.883,4.825,14.449,Clinical
Winter,,,,6.912,4.715,11.563,Clinical
Winter,,,,6.943,4.954,18.793,Clinical
Winter,,,,6.958,4.958,15.413,Clinical
Winter,,,,6.784,4.784,11.893,Clinical
Winter,,,,6.919,4.727,7.37,Clinical
Winter,,,,6.974,4.918,16.961,Clinical
Winter,,,,6.902,4.855,16.139,Clinical
Winter,,,,6.864,4.825,11.049,Clinical
Winter,,,,6.87,4.786,12.366,Clinical
Winter,,,,6.866,4.956,12.436,Clinical
Winter,,,,6.887,4.789,16.257,Clinical
Winter,,,,6.914,4.978,11.274,Clinical
Winter,,,,6.919,4.967,15.887,Clinical
Winter,,,,6.975,4.866,18.126,Clinical
Winter,,,,7.061,4.967,14.911,Clinical
Winter,,,,7.002,5.124,17.653,Clinical
Winter,,,,6.871,4.79,7.641,Clinical
Winter,,,,6.836,4.676,6.901,Clinical
Winter,,,,6.898,4.874,18.378,Clinical
Winter,,,,6.83,4.891,13.009,Clinical
Winter,,,,6.897,4.921,11.148,Clinical
Winter,,,,6.927,4.895,15.693,Clinical
Winter,,,,6.92,5.141,17.292,Clinical
Winter,,,,6.863,4.745,9.093,Clinical
Winter,,,,6.855,4.938,19.121,Clinical
Winter,,,,6.86,4.719,11.701,Clinical
Winter,,,,6.861,4.882,14.257,Clinical
Winter,,,,6.794,4.917,19.577,Clinical
Winter,,,,6.857,4.765,12.074,Clinical
Winter,,,,6.923,4.946,21.398,Clinical
Winter,,,,6.888,4.75,6.773,Clinical
Winter,,,,6.849,4.796,17.315,Clinical
Winter,,,,6.864,4.839,12.708,Clinical
Winter,,,,6.983,5.211,19.336,Clinical
Winter,,,,6.866,4.932,16.776,Clinical
Winter,,,,7.029,5.041,16.559,Clinical
Winter,,,,6.941,5.013,19.214,Clinical
Winter,,,,6.936,5.003,20.046,Clinical
Winter,,,,6.997,5.016,16.495,Clinical
Winter,,,,6.91,4.993,13.641,Clinical
Summer,,,,6.657,4.297,1.226,Healthy
Summer,,,,6.676,4.317,1.29,Healthy
Summer,,,,6.623,4.298,1.259,Healthy
Summer,,,,6.693,4.318,1.309,Healthy
Summer,,,,6.655,4.329,1.31,Healthy
Summer,,,,6.656,4.313,1.282,Healthy
Summer,,,,6.641,4.299,1.294,Healthy
Summer,,,,6.629,4.291,1.152,Healthy
Summer,,,,6.674,4.287,1.163,Healthy
Summer,,,,6.658,4.331,1.316,Healthy
Summer,,,,6.639,4.326,1.206,Healthy
Summer,,,,6.606,4.284,1.137,Healthy
Summer,,,,6.63,4.301,1.243,Healthy
Summer,,,,6.639,4.272,1.204,Healthy
Summer,,,,6.663,4.305,1.371,Healthy
Summer,,,,6.629,4.263,1.07,Healthy
Summer,,,,6.649,4.304,1.224,Healthy
Summer,,,,6.657,4.282,1.277,Healthy
Summer,,,,6.648,4.318,1.304,Healthy
Summer,,,,6.659,4.314,1.304,Healthy
Summer,,,,6.663,4.329,1.332,Healthy
Summer,,,,6.664,4.306,1.347,Healthy
Summer,,,,6.636,4.324,1.291,Healthy
Summer,,,,6.621,4.287,1.139,Healthy
Summer,,,,6.667,4.298,1.2,Healthy
Summer,,,,6.612,4.272,0.978,Healthy
Summer,,,,6.618,4.296,1.26,Healthy
Summer,,,,6.659,4.288,1.195,Healthy
Summer,,,,6.65,4.28,1.272,Healthy
Summer,,,,6.668,4.305,1.253,Healthy
Summer,,,,6.654,4.267,1.121,Healthy
Summer,,,,6.636,4.276,1.137,Healthy
Summer,,,,6.686,4.33,1.29,Healthy
Summer,,,,6.661,4.33,1.381,Healthy
Summer,,,,6.651,4.29,1.246,Healthy
Summer,,,,6.658,4.319,1.33,Healthy
Summer,,,,6.671,4.302,1.329,Healthy
Summer,,,,6.654,4.337,1.294,Healthy
Summer,,,,6.685,4.322,1.261,Healthy
Summer,,,,6.64,4.289,1.224,Healthy
Summer,,,,6.66,4.296,1.22,Healthy
Summer,,,,6.693,4.352,1.423,Healthy
Summer,,,,6.651,4.302,1.278,Healthy
Summer,,,,6.63,4.285,1.07,Healthy
Summer,,,,6.658,4.315,1.245,Healthy
Summer,,,,6.681,4.296,1.132,Healthy
Summer,,,,6.654,4.32,1.4,Healthy
Summer,,,,6.641,4.314,1.263,Healthy
Summer,,,,6.647,4.313,1.31,Healthy
Summer,,,,6.618,4.309,1.335,Healthy
Summer,,,,6.637,4.3,1.259,Healthy
Summer,,,,6.655,4.293,1.168,Healthy
Summer,,,,6.649,4.32,1.322,Healthy
Summer,,,,6.643,4.309,1.067,Healthy
Summer,,,,6.673,4.282,1.163,Healthy
Summer,,,,6.628,4.266,1.202,Healthy
Summer,,,,6.641,4.301,1.227,Healthy
Summer,,,,6.66,4.306,1.167,Healthy
Summer,,,,6.67,4.302,1.14,Healthy
Summer,,,,6.641,4.321,1.344,Healthy
Summer,,,,6.643,4.29,1.179,Healthy
Summer,,,,6.692,4.328,1.354,Healthy
Summer,,,,6.671,4.315,1.263,Healthy
Summer,,,,6.646,4.297,1.217,Healthy
Summer,,,,6.665,4.309,1.308,Healthy
Summer,,,,6.648,4.3,1.099,Healthy
Summer,,,,6.668,4.316,1.347,Healthy
Summer,,,,6.592,4.305,1.216,Healthy
Summer,,,,6.672,4.294,1.26,Healthy
Summer,,,,6.629,4.278,1.286,Healthy
Summer,,,,6.646,4.302,1.291,Healthy
Summer,,,,6.66,4.308,1.28,Healthy
Summer,,,,6.698,4.324,1.329,Healthy
Summer,,,,6.671,4.33,1.401,Healthy
Summer,,,,6.663,4.287,1.305,Healthy
Summer,,,,6.627,4.293,1.153,Healthy
Summer,,,,6.649,4.305,1.265,Healthy
Summer,,,,6.658,4.332,1.354,Healthy
Summer,,,,6.645,4.314,1.346,Healthy
Summer,,,,6.625,4.297,1.26,Healthy
Summer,,,,6.644,4.32,1.276,Healthy
Summer,,,,6.653,4.298,1.227,Healthy
Summer,,,,6.628,4.264,1.224,Healthy
Summer,,,,6.633,4.274,1.008,Healthy
Summer,,,,6.637,4.271,1.25,Healthy
Summer,,,,6.67,4.299,1.382,Healthy
Summer,,,,6.67,4.305,1.086,Healthy
Summer,,,,6.696,4.3,1.138,Healthy
Summer,,,,6.67,4.352,1.478,Healthy
Summer,,,,6.661,4.316,1.336,Healthy
Summer,,,,6.665,4.313,1.279,Healthy
Summer,,,,6.649,4.287,1.172,Healthy
Summer,,,,6.616,4.281,1.097,Healthy
Summer,,,,6.628,4.291,1.29,Healthy
Summer,,,,6.668,4.283,1.122,Healthy
Summer,,,,6.669,4.293,1.202,Healthy
Summer,,,,6.661,4.289,1.21,Healthy
Summer,,,,6.623,4.276,1.172,Healthy
Summer,,,,6.618,4.291,1.191,Healthy
Summer,,,,6.661,4.31,1.351,Healthy
Summer,,,,6.809,4.9,3.504,Subclinical
Summer,,,,6.838,4.963,3.568,Subclinical
Summer,,,,6.751,4.837,3.235,Subclinical
Summer,,,,6.922,4.916,3.441,Subclinical
Summer,,,,6.75,4.968,3.516,Subclinical
Summer,,,,6.887,4.938,3.58,Subclinical
Summer,,,,6.742,5.069,3.512,Subclinical
Summer,,,,6.822,5.0,3.652,Subclinical
Summer,,,,6.787,4.909,3.5,Subclinical
Summer,,,,6.79,5.004,3.874,Subclinical
Summer,,,,6.761,4.784,3.343,Subclinical
Summer,,,,6.981,4.997,3.83,Subclinical
Summer,,,,6.917,4.971,3.657,Subclinical
Summer,,,,6.914,4.983,3.573,Subclinical
Summer,,,,6.759,4.813,3.305,Subclinical
Summer,,,,6.714,4.869,3.342,Subclinical
Summer,,,,6.816,4.81,3.434,Subclinical
Summer,,,,6.858,4.804,3.44,Subclinical
Summer,,,,6.886,4.892,3.702,Subclinical
Summer,,,,6.829,4.892,3.477,Subclinical
Summer,,,,6.839,4.966,3.633,Subclinical
Summer,,,,6.736,4.896,3.296,Subclinical
Summer,,,,6.792,4.847,3.337,Subclinical
Summer,,,,6.887,5.088,3.783,Subclinical
Summer,,,,6.724,4.846,3.565,Subclinical
Summer,,,,6.81,5.135,3.793,Subclinical
Summer,,,,6.813,4.914,3.521,Subclinical
Summer,,,,6.789,4.982,3.694,Subclinical
Summer,,,,6.745,4.775,3.114,Subclinical
Summer,,,,6.836,4.863,3.186,Subclinical
Summer,,,,6.827,5.162,3.777,Subclinical
Summer,,,,6.859,4.981,3.574,Subclinical
Summer,,,,6.864,4.954,3.591,Subclinical
Summer,,,,6.823,4.89,3.604,Subclinical
Summer,,,,6.788,4.857,3.505,Subclinical
Summer,,,,6.737,4.885,3.459,Subclinical
Summer,,,,6.876,5.027,3.637,Subclinical
Summer,,,,6.857,5.091,3.775,Subclinical
Summer,,,,6.801,4.819,3.267,Subclinical
Summer,,,,6.779,4.862,3.419,Subclinical
Summer,,,,6.804,4.978,3.564,Subclinical
Summer,,,,6.834,4.961,3.314,Subclinical
Summer,,,,6.734,4.868,3.291,Subclinical
Summer,,,,6.842,5.092,3.855,Subclinical
Summer,,,,6.785,5.046,3.661,Subclinical
Summer,,,,6.776,4.86,3.402,Subclinical
Summer,,,,6.773,4.924,3.529,Subclinical
Summer,,,,6.8,4.967,3.709,Subclinical
Summer,,,,6.866,4.854,3.131,Subclinical
Summer,,,,6.865,4.863,3.431,Subclinical
Summer,,,,6.718,4.715,3.339,Subclinical
Summer,,,,6.853,4.921,3.198,Subclinical
Summer,,,,6.762,4.935,3.334,Subclinical
Summer,,,,6.813,4.938,3.603,Subclinical
Summer,,,,6.808,4.854,3.587,Subclinical
Summer,,,,6.789,4.919,3.39,Subclinical
Summer,,,,6.769,4.831,3.386,Subclinical
Summer,,,,6.92,4.903,3.312,Subclinical
Summer,,,,6.903,4.99,3.52,Subclinical
Summer,,,,6.873,4.933,3.764,Subclinical
Summer,,,,6.847,4.924,3.79,Subclinical
Summer,,,,6.758,4.961,3.584,Subclinical
Summer,,,,6.891,5.131,3.759,Subclinical
Summer,,,,6.747,4.929,3.426,Subclinical
Summer,,,,6.941,5.048,3.628,Subclinical
Summer,,,,6.813,4.825,3.287,Subclinical
Summer,,,,6.884,4.937,3.413,Subclinical
Summer,,,,6.838,5.059,3.757,Subclinical
Summer,,,,6.87,4.918,3.343,Subclinical
Summer,,,,6.905,4.982,3.564,Subclinical
Summer,,,,6.893,5.047,3.721,Subclinical
Summer,,,,6.952,4.989,3.727,Subclinical
Summer,,,,6.804,4.956,3.739,Subclinical
Summer,,,,6.836,5.002,3.739,Subclinical
Summer,,,,6.774,4.839,3.287,Subclinical
Summer,,,,6.662,5.001,3.436,Subclinical
Summer,,,,6.785,4.895,3.517,Subclinical
Summer,,,,6.857,5.046,3.584,Subclinical
Summer,,,,6.788,4.945,3.504,Subclinical
Summer,,,,6.913,5.056,3.769,Subclinical
Summer,,,,6.846,5.065,3.697,Subclinical
Summer,,,,6.709,4.896,3.385,Subclinical
Summer,,,,6.763,4.952,3.691,Subclinical
Summer,,,,6.801,4.957,3.762,Subclinical
Summer,,,,6.817,5.164,3.848,Subclinical
Summer,,,,6.677,4.901,3.514,Subclinical
Summer,,,,6.89,5.055,3.655,Subclinical
Summer,,,,6.714,4.848,3.309,Subclinical
Summer,,,,6.759,4.95,3.742,Subclinical
Summer,,,,6.828,4.849,3.492,Subclinical
Summer,,,,6.884,4.941,3.531,Subclinical
Summer,,,,6.801,4.864,3.529,Subclinical
Summer,,,,6.792,4.959,3.44,Subclinical
Summer,,,,6.769,4.968,3.51,Subclinical
Summer,,,,6.921,4.987,3.632,Subclinical
Summer,,,,6.865,4.858,3.235,Subclinical
Summer,,,,6.693,4.957,3.462,Subclinical
Summer,,,,6.979,5.017,3.669,Subclinical
Summer,,,,6.908,5.182,4.07,Subclinical
Summer,,,,6.885,5.081,3.773,Subclinical
Summer,,,,7.026,5.729,14.937,Clinical
Summer,,,,7.01,5.712,15.557,Clinical
Summer,,,,7.024,5.964,20.806,Clinical
Summer,,,,7.04,5.703,16.65,Clinical
Summer,,,,6.996,5.367,11.728,Clinical
Summer,,,,7.008,5.972,22.281,Clinical
Summer,,,,6.99,5.937,23.278,Clinical
Summer,,,,7.022,5.762,14.908,Clinical
Summer,,,,7.003,5.879,24.642,Clinical
Summer,,,,7.041,5.815,15.455,Clinical
Summer,,,,7.013,5.468,14.574,Clinical
Summer,,,,7.007,5.65,11.283,Clinical
Summer,,,,7.02,5.705,13.495,Clinical
Summer,,,,6.953,5.448,17.688,Clinical
Summer,,,,7.043,5.832,17.254,Clinical
Summer,,,,7.019,5.626,16.754,Clinical
Summer,,,,7.025,6.015,20.963,Clinical
Summer,,,,7.006,5.578,12.557,Clinical
Summer,,,,7.005,5.777,20.419,Clinical
Summer,,,,6.994,5.901,18.43,Clinical
Summer,,,,7.01,5.617,8.417,Clinical
Summer,,,,7.028,5.947,19.542,Clinical
Summer,,,,7.011,5.83,13.9,Clinical
Summer,,,,6.999,5.815,14.434,Clinical
Summer,,,,7.016,5.55,16.161,Clinical
Summer,,,,7.009,5.475,17.111,Clinical
Summer,,,,6.995,5.536,14.866,Clinical
Summer,,,,7.033,5.691,17.136,Clinical
Summer,,,,7.019,5.895,20.044,Clinical
Summer,,,,7.003,5.57,15.1,Clinical
Summer,,,,6.989,5.161,10.35,Clinical
Summer,,,,7.028,5.449,10.586,Clinical
Summer,,,,7.022,6.134,22.907,Clinical
Summer,,,,6.995,5.638,19.738,Clinical
Summer,,,,6.997,5.546,13.013,Clinical
Summer,,,,6.991,5.665,20.776,Clinical
Summer,,,,7.016,5.732,16.397,Clinical
Summer,,,,6.979,5.726,16.394,Clinical
Summer,,,,7.006,6.238,24.902,Clinical
Summer,,,,6.995,5.596,18.491,Clinical
Summer,,,,7.012,5.519,17.022,Clinical
Summer,,,,6.997,5.976,23.496,Clinical
Summer,,,,7.001,5.902,19.56,Clinical
Summer,,,,7.027,5.904,17.261,Clinical
Summer,,,,6.997,5.842,17.487,Clinical
Summer,,,,7.002,5.545,15.758,Clinical
Summer,,,,7.051,5.774,18.432,Clinical
Summer,,,,7.038,5.868,20.795,Clinical
Summer,,,,6.989,5.703,15.901,Clinical
Summer,,,,7.03,6.03,29.208,Clinical
Summer,,,,7.022,5.851,19.539,Clinical
Summer,,,,7.003,5.759,16.563,Clinical
Summer,,,,7.013,5.97,17.483,Clinical
Summer,,,,7.033,6.067,21.73,Clinical
Summer,,,,6.968,5.43,16.25,Clinical
Summer,,,,7.01,5.576,13.544,Clinical
Summer,,,,7.027,5.912,19.176,Clinical
Summer,,,,7.003,5.64,13.074,Clinical
Summer,,,,7.042,5.849,22.864,Clinical
Summer,,,,7.04,6.053,20.734,Clinical
Summer,,,,7.018,5.776,15.222,Clinical
Summer,,,,7.016,5.582,18.74,Clinical
Summer,,,,7.001,5.726,17.789,Clinical
Summer,,,,7.005,5.809,16.735,Clinical
Summer,,,,7.027,5.61,16.138,Clinical
Summer,,,,7.049,5.772,16.295,Clinical
Summer,,,,7.02,5.82,19.57,Clinical
Summer,,,,7.02,5.891,22.78,Clinical
Summer,,,,7.018,5.742,19.423,Clinical
Summer,,,,7.048,5.908,17.263,Clinical
Summer,,,,7.032,5.831,12.422,Clinical
Summer,,,,7.027,5.738,17.243,Clinical
Summer,,,,7.017,5.804,20.354,Clinical
Summer,,,,7.001,5.779,16.917,Clinical
Summer,,,,7.025,5.913,17.095,Clinical
Summer,,,,7.032,5.762,20.3,Clinical
Summer,,,,7.017,6.074,21.281,Clinical
Summer,,,,7.003,5.702,15.758,Clinical
Summer,,,,7.026,5.559,11.928,Clinical
Summer,,,,6.989,5.787,22.664,Clinical
Summer,,,,7.008,5.702,16.942,Clinical
Summer,,,,7.033,5.706,17.876,Clinical
Summer,,,,7.03,5.918,20.569,Clinical
Summer,,,,7.03,5.403,14.997,Clinical
Summer,,,,6.997,5.379,13.671,Clinical
Summer,,,,7.037,5.855,22.086,Clinical
Summer,,,,7.042,6.114,27.72,Clinical
Summer,,,,7.025,5.826,13.936,Clinical
Summer,,,,7.005,5.579,21.443,Clinical
Summer,,,,7.006,5.742,18.892,Clinical
Summer,,,,7.011,6.018,19.244,Clinical
Summer,,,,7.014,5.639,12.057,Clinical
Summer,,,,6.998,5.673,14.908,Clinical
Summer,,,,6.996,5.444,12.782,Clinical
Summer,,,,6.98,5.712,16.695,Clinical
Summer,,,,6.981,5.544,11.944,Clinical
Summer,,,,7.016,5.989,15.211,Clinical
Summer,,,,7.012,5.726,19.107,Clinical
Summer,,,,7.014,5.64,15.033,Clinical
Summer,,,,6.994,5.834,18.39,Clinical
Rainy,,,,6.788,4.537,1.534,Healthy
Rainy,,,,6.72,4.34,1.354,Healthy
Rainy,,,,6.755,4.514,1.474,Healthy
Rainy,,,,6.768,4.484,1.533,Healthy
Rainy,,,,6.782,4.577,1.577,Healthy
Rainy,,,,6.732,4.342,1.396,Healthy
Rainy,,,,6.746,4.423,1.477,Healthy
Rainy,,,,6.752,4.471,1.486,Healthy
Rainy,,,,6.753,4.508,1.491,Healthy
Rainy,,,,6.778,4.519,1.552,Healthy
Rainy,,,,6.764,4.514,1.587,Healthy
Rainy,,,,6.756,4.458,1.523,Healthy
Rainy,,,,6.727,4.449,1.494,Healthy
Rainy,,,,6.746,4.467,1.428,Healthy
Rainy,,,,6.739,4.467,1.517,Healthy
Rainy,,,,6.729,4.512,1.498,Healthy
Rainy,,,,6.769,4.532,1.529,Healthy
Rainy,,,,6.786,4.475,1.565,Healthy
Rainy,,,,6.77,4.477,1.584,Healthy
Rainy,,,,6.745,4.487,1.535,Healthy
Rainy,,,,6.747,4.517,1.578,Healthy
Rainy,,,,6.715,4.491,1.447,Healthy
Rainy,,,,6.771,4.57,1.534,Healthy
Rainy,,,,6.742,4.411,1.464,Healthy
Rainy,,,,6.744,4.51,1.595,Healthy
Rainy,,,,6.778,4.495,1.527,Healthy
Rainy,,,,6.716,4.386,1.495,Healthy
Rainy,,,,6.782,4.468,1.494,Healthy
Rainy,,,,6.749,4.493,1.493,Healthy
Rainy,,,,6.758,4.469,1.514,Healthy
Rainy,,,,6.761,4.498,1.515,Healthy
Rainy,,,,6.748,4.472,1.498,Healthy
Rainy,,,,6.745,4.553,1.59,Healthy
Rainy,,,,6.744,4.506,1.521,Healthy
Rainy,,,,6.773,4.536,1.556,Healthy
Rainy,,,,6.759,4.414,1.43,Healthy
Rainy,,,,6.726,4.45,1.571,Healthy
Rainy,,,,6.795,4.583,1.618,Healthy
Rainy,,,,6.714,4.395,1.423,Healthy
Rainy,,,,6.738,4.452,1.478,Healthy
Rainy,,,,6.71,4.456,1.449,Healthy
Rainy,,,,6.755,4.593,1.553,Healthy
Rainy,,,,6.699,4.386,1.497,Healthy
Rainy,,,,6.789,4.479,1.55,Healthy
Rainy,,,,6.741,4.46,1.621,Healthy
Rainy,,,,6.72,4.446,1.512,Healthy
Rainy,,,,6.772,4.519,1.563,Healthy
Rainy,,,,6.742,4.481,1.504,Healthy
Rainy,,,,6.762,4.481,1.54,Healthy
Rainy,,,,6.749,4.537,1.554,Healthy
Rainy,,,,6.715,4.488,1.478,Healthy
Rainy,,,,6.737,4.429,1.545,Healthy
Rainy,,,,6.707,4.573,1.616,Healthy
Rainy,,,,6.754,4.484,1.536,Healthy
Rainy,,,,6.76,4.529,1.578,Healthy
Rainy,,,,6.752,4.473,1.509,Healthy
Rainy,,,,6.746,4.532,1.578,Healthy
Rainy,,,,6.691,4.421,1.477,Healthy
Rainy,,,,6.75,4.46,1.556,Healthy
Rainy,,,,6.769,4.47,1.536,Healthy
Rainy,,,,6.731,4.379,1.423,Healthy
Rainy,,,,6.767,4.556,1.595,Healthy
Rainy,,,,6.765,4.529,1.527,Healthy
Rainy,,,,6.759,4.534,1.59,Healthy
Rainy,,,,6.774,4.554,1.588,Healthy
Rainy,,,,6.771,4.512,1.507,Healthy
Rainy,,,,6.747,4.437,1.462,Healthy
Rainy,,,,6.747,4.435,1.477,Healthy
Rainy,,,,6.712,4.431,1.48,Healthy
Rainy,,,,6.734,4.488,1.563,Healthy
Rainy,,,,6.718,4.39,1.422,Healthy
Rainy,,,,6.731,4.493,1.515,Healthy
Rainy,,,,6.745,4.369,1.476,Healthy
Rainy,,,,6.725,4.444,1.504,Healthy
Rainy,,,,6.777,4.456,1.378,Healthy
Rainy,,,,6.754,4.578,1.638,Healthy
Rainy,,,,6.754,4.462,1.545,Healthy
Rainy,,,,6.731,4.474,1.534,Healthy
Rainy,,,,6.771,4.654,1.653,Healthy
Rainy,,,,6.74,4.463,1.429,Healthy
Rainy,,,,6.736,4.437,1.467,Healthy
Rainy,,,,6.753,4.443,1.546,Healthy
Rainy,,,,6.75,4.48,1.505,Healthy
Rainy,,,,6.753,4.527,1.513,Healthy
Rainy,,,,6.737,4.444,1.435,Healthy
Rainy,,,,6.734,4.43,1.523,Healthy
Rainy,,,,6.755,4.498,1.57,Healthy
Rainy,,,,6.747,4.496,1.525,Healthy
Rainy,,,,6.755,4.459,1.4,Healthy
Rainy,,,,6.747,4.548,1.604,Healthy
Rainy,,,,6.769,4.574,1.588,Healthy
Rainy,,,,6.754,4.455,1.491,Healthy
Rainy,,,,6.762,4.561,1.568,Healthy
Rainy,,,,6.741,4.466,1.535,Healthy
Rainy,,,,6.721,4.317,1.385,Healthy
Rainy,,,,6.726,4.416,1.467,Healthy
Rainy,,,,6.741,4.54,1.571,Healthy
Rainy,,,,6.756,4.521,1.498,Healthy
Rainy,,,,6.771,4.509,1.573,Healthy
Rainy,,,,6.729,4.367,1.479,Healthy
Rainy,,,,6.914,4.976,3.669,Subclinical
Rainy,,,,6.921,4.985,4.305,Subclinical
Rainy,,,,6.901,5.014,3.896,Subclinical
Rainy,,,,6.916,5.001,3.926,Subclinical
Rainy,,,,6.91,4.96,3.984,Subclinical
Rainy,,,,6.905,4.982,3.64,Subclinical
Rainy,,,,6.884,4.919,4.174,Subclinical
Rainy,,,,6.918,5.034,4.018,Subclinical
Rainy,,,,6.91,5.039,3.802,Subclinical
Rainy,,,,6.921,5.082,4.419,Subclinical
Rainy,,,,6.914,5.025,4.199,Subclinical
Rainy,,,,6.916,5.011,3.862,Subclinical
Rainy,,,,6.911,5.092,3.973,Subclinical
Rainy,,,,6.895,4.972,3.828,Subclinical
Rainy,,,,6.912,5.028,3.993,Subclinical
Rainy,,,,6.925,4.975,3.703,Subclinical
Rainy,,,,6.909,4.923,3.639,Subclinical
Rainy,,,,6.927,5.064,4.256,Subclinical
Rainy,,,,6.897,4.939,3.619,Subclinical
Rainy,,,,6.907,5.065,4.292,Subclinical
Rainy,,,,6.899,4.988,3.993,Subclinical
Rainy,,,,6.921,5.127,4.168,Subclinical
Rainy,,,,6.902,4.92,3.6,Subclinical
Rainy,,,,6.915,5.075,4.195,Subclinical
Rainy,,,,6.907,5.008,3.769,Subclinical
Rainy,,,,6.931,4.994,4.018,Subclinical
Rainy,,,,6.93,5.074,4.203,Subclinical
Rainy,,,,6.906,4.99,4.223,Subclinical
Rainy,,,,6.888,5.018,3.623,Subclinical
Rainy,,,,6.907,4.98,4.008,Subclinical
Rainy,,,,6.894,4.983,4.324,Subclinical
Rainy,,,,6.896,4.977,3.679,Subclinical
Rainy,,,,6.914,5.024,3.889,Subclinical
Rainy,,,,6.915,5.117,4.314,Subclinical
Rainy,,,,6.917,4.967,3.626,Subclinical
Rainy,,,,6.915,5.101,4.384,Subclinical
Rainy,,,,6.907,5.0,3.646,Subclinical
Rainy,,,,6.916,5.074,4.107,Subclinical
Rainy,,,,6.905,5.009,3.862,Subclinical
Rainy,,,,6.909,5.115,4.279,Subclinical
Rainy,,,,6.906,4.966,3.994,Subclinical
Rainy,,,,6.908,4.971,4.152,Subclinical
Rainy,,,,6.924,5.024,3.625,Subclinical
Rainy,,,,6.92,5.007,4.178,Subclinical
Rainy,,,,6.89,4.993,3.593,Subclinical
Rainy,,,,6.917,5.034,3.855,Subclinical
Rainy,,,,6.906,5.032,4.071,Subclinical
Rainy,,,,6.916,5.129,4.035,Subclinical
Rainy,,,,6.926,5.066,4.001,Subclinical
Rainy,,,,6.897,4.958,3.988,Subclinical
Rainy,,,,6.909,5.083,3.887,Subclinical
Rainy,,,,6.91,4.946,3.845,Subclinical
Rainy,,,,6.919,5.017,3.414,Subclinical
Rainy,,,,6.912,5.039,4.177,Subclinical
Rainy,,,,6.922,4.994,4.115,Subclinical
Rainy,,,,6.922,4.957,3.902,Subclinical
Rainy,,,,6.905,4.99,3.981,Subclinical
Rainy,,,,6.905,4.96,3.806,Subclinical
Rainy,,,,6.899,4.92,3.807,Subclinical
Rainy,,,,6.899,5.008,4.053,Subclinical
Rainy,,,,6.893,4.921,3.915,Subclinical
Rainy,,,,6.9,4.955,3.878,Subclinical
Rainy,,,,6.918,5.022,3.899,Subclinical
Rainy,,,,6.924,5.144,4.699,Subclinical
Rainy,,,,6.911,4.971,3.656,Subclinical
Rainy,,,,6.915,5.048,4.45,Subclinical
Rainy,,,,6.917,4.954,4.05,Subclinical
Rainy,,,,6.9,4.959,3.84,Subclinical
Rainy,,,,6.93,5.232,4.926,Subclinical
Rainy,,,,6.908,5.031,4.257,Subclinical
Rainy,,,,6.907,5.091,4.304,Subclinical
Rainy,,,,6.915,5.06,4.26,Subclinical
Rainy,,,,6.918,5.005,3.852,Subclinical
Rainy,,,,6.899,4.998,4.094,Subclinical
Rainy,,,,6.915,5.11,4.33,Subclinical
Rainy,,,,6.917,4.975,3.787,Subclinical
Rainy,,,,6.917,5.075,4.151,Subclinical
Rainy,,,,6.909,4.93,3.623,Subclinical
Rainy,,,,6.919,5.067,4.314,Subclinical
Rainy,,,,6.91,5.012,3.833,Subclinical
Rainy,,,,6.917,5.054,4.26,Subclinical
Rainy,,,,6.905,4.884,3.793,Subclinical
Rainy,,,,6.905,4.951,3.929,Subclinical
Rainy,,,,6.906,5.052,4.257,Subclinical
Rainy,,,,6.917,4.962,4.116,Subclinical
Rainy,,,,6.913,4.999,3.984,Subclinical
Rainy,,,,6.892,4.975,3.577,Subclinical
Rainy,,,,6.896,4.89,3.797,Subclinical
Rainy,,,,6.904,5.068,4.039,Subclinical
Rainy,,,,6.893,4.899,3.85,Subclinical
Rainy,,,,6.908,4.977,3.901,Subclinical
Rainy,,,,6.915,5.083,4.58,Subclinical
Rainy,,,,6.906,4.931,3.605,Subclinical
Rainy,,,,6.913,4.969,3.622,Subclinical
Rainy,,,,6.913,5.018,4.024,Subclinical
Rainy,,,,6.902,4.974,3.624,Subclinical
Rainy,,,,6.919,5.091,3.845,Subclinical
Rainy,,,,6.901,4.904,3.445,Subclinical
Rainy,,,,6.909,4.933,3.501,Subclinical
Rainy,,,,6.9,4.989,3.9,Subclinical
Rainy,,,,7.011,5.767,18.332,Clinical
Rainy,,,,7.029,5.918,21.14,Clinical
Rainy,,,,6.988,5.792,19.643,Clinical
Rainy,,,,6.994,5.799,20.336,Clinical
Rainy,,,,6.995,5.653,18.785,Clinical
Rainy,,,,7.051,5.851,19.82,Clinical
Rainy,,,,7.056,5.698,19.282,Clinical
Rainy,,,,7.087,5.832,19.422,Clinical
Rainy,,,,6.979,5.753,19.121,Clinical
Rainy,,,,7.038,5.882,19.443,Clinical
Rainy,,,,7.063,5.733,18.639,Clinical
Rainy,,,,7.033,5.8,18.781,Clinical
Rainy,,,,7.035,5.853,19.13,Clinical
Rainy,,,,6.976,5.854,20.577,Clinical
Rainy,,,,6.988,5.781,18.422,Clinical
Rainy,,,,7.051,5.829,19.154,Clinical
Rainy,,,,7.009,5.69,17.426,Clinical
Rainy,,,,7.007,5.741,17.976,Clinical
Rainy,,,,7.067,5.952,19.825,Clinical
Rainy,,,,7.05,5.845,19.884,Clinical
Rainy,,,,7.043,5.857,19.97,Clinical
Rainy,,,,6.99,5.799,19.764,Clinical
Rainy,,,,7.009,5.753,19.284,Clinical
Rainy,,,,7.032,5.87,21.668,Clinical
Rainy,,,,7.009,5.631,18.034,Clinical
Rainy,,,,7.069,5.808,20.496,Clinical
Rainy,,,,6.986,5.779,18.313,Clinical
Rainy,,,,7.109,6.05,20.492,Clinical
Rainy,,,,7.018,5.834,18.991,Clinical
Rainy,,,,7.038,5.79,17.377,Clinical
Rainy,,,,7.039,5.731,18.165,Clinical
Rainy,,,,7.098,5.759,19.635,Clinical
Rainy,,,,7.029,5.752,19.407,Clinical
Rainy,,,,7.054,5.856,20.407,Clinical
Rainy,,,,7.027,5.721,17.55,Clinical
Rainy,,,,7.007,5.997,21.608,Clinical
Rainy,,,,6.986,5.606,17.951,Clinical
Rainy,,,,7.062,5.865,19.438,Clinical
Rainy,,,,7.035,5.811,19.264,Clinical
Rainy,,,,6.951,5.654,17.081,Clinical
Rainy,,,,7.047,6.053,21.359,Clinical
Rainy,,,,7.027,5.852,19.896,Clinical
Rainy,,,,7.057,5.864,21.408,Clinical
Rainy,,,,6.995,5.771,17.996,Clinical
Rainy,,,,7.062,5.741,18.359,Clinical
Rainy,,,,7.028,5.857,20.316,Clinical
Rainy,,,,6.99,5.729,17.859,Clinical
Rainy,,,,6.99,5.705,18.024,Clinical
Rainy,,,,7.137,5.954,19.306,Clinical
Rainy,,,,7.017,5.847,21.224,Clinical
Rainy,,,,6.977,5.547,18.678,Clinical
Rainy,,,,7.056,5.737,19.133,Clinical
Rainy,,,,6.935,5.652,18.047,Clinical
Rainy,,,,7.077,5.752,18.911,Clinical
Rainy,,,,7.003,5.763,17.982,Clinical
Rainy,,,,7.024,5.684,18.765,Clinical
Rainy,,,,7.074,5.815,19.339,Clinical
Rainy,,,,6.982,5.688,18.102,Clinical
Rainy,,,,7.145,5.833,20.861,Clinical
Rainy,,,,7.08,5.866,21.221,Clinical
Rainy,,,,7.055,5.843,19.425,Clinical
Rainy,,,,7.089,5.948,19.797,Clinical
Rainy,,,,6.987,5.703,17.579,Clinical
Rainy,,,,7.037,5.892,19.409,Clinical
Rainy,,,,7.038,5.793,19.789,Clinical
Rainy,,,,6.95,5.62,17.743,Clinical
Rainy,,,,7.088,5.811,17.687,Clinical
Rainy,,,,7.065,5.769,17.906,Clinical
Rainy,,,,7.015,5.741,18.097,Clinical
Rainy,,,,6.952,5.75,19.647,Clinical
Rainy,,,,7.066,5.728,18.452,Clinical
Rainy,,,,7.04,5.841,19.998,Clinical
Rainy,,,,7.011,5.758,19.131,Clinical
Rainy,,,,7.098,5.926,20.879,Clinical
Rainy,,,,7.043,5.914,20.34,Clinical
Rainy,,,,7.006,5.864,20.126,Clinical
Rainy,,,,7.022,5.726,18.773,Clinical
Rainy,,,,7.059,5.831,19.66,Clinical
Rainy,,,,7.108,5.971,20.717,Clinical
Rainy,,,,7.078,5.752,19.177,Clinical
Rainy,,,,7.112,5.867,19.046,Clinical
Rainy,,,,7.014,5.663,17.347,Clinical
Rainy,,,,7.025,5.651,17.971,Clinical
Rainy,,,,7.076,5.76,20.206,Clinical
Rainy,,,,7.06,5.905,19.382,Clinical
Rainy,,,,7.074,5.742,19.522,Clinical
Rainy,,,,7.047,5.846,18.464,Clinical
Rainy,,,,7.004,5.794,18.171,Clinical
Rainy,,,,7.059,5.698,19.119,Clinical
Rainy,,,,6.991,5.772,19.337,Clinical
Rainy,,,,7.012,5.803,19.301,Clinical
Rainy,,,,7.018,5.676,16.437,Clinical
Rainy,,,,7.054,5.675,18.287,Clinical
Rainy,,,,7.029,5.834,19.088,Clinical
Rainy,,,,7.027,5.835,19.639,Clinical
Rainy,,,,7.053,5.847,18.169,Clinical
Rainy,,,,7.07,5.882,18.923,Clinical
Rainy,,,,7.03,5.774,18.78,Clinical
Rainy,,,,7.053,5.929,21.055,Clinical
Rainy,,,,6.988,5.774,19.95,Clinical
,Early,,,6.643,4.385,0.28,Healthy
,Early,,,6.681,4.37,0.199,Healthy
,Early,,,6.629,4.344,0.063,Healthy
,Early,,,6.714,4.345,0.199,Healthy
,Early,,,6.65,4.303,0.054,Healthy
,Early,,,6.494,4.317,0.091,Healthy
,Early,,,6.584,4.332,0.193,Healthy
,Early,,,6.59,4.293,0.107,Healthy
,Early,,,6.738,4.381,0.219,Healthy
,Early,,,6.7,4.343,0.061,Healthy
,Early,,,6.694,4.423,0.245,Healthy
,Early,,,6.567,4.389,0.11,Healthy
,Early,,,6.6,4.345,0.187,Healthy
,Early,,,6.671,4.372,0.162,Healthy
,Early,,,6.623,4.36,0.0,Healthy
,Early,,,6.602,4.342,0.005,Healthy
,Early,,,6.643,4.341,0.2,Healthy
,Early,,,6.714,4.357,0.105,Healthy
,Early,,,6.616,4.323,0.068,Healthy
,Early,,,6.575,4.286,0.038,Healthy
,Early,,,6.658,4.326,0.123,Healthy
,Early,,,6.582,4.335,0.123,Healthy
,Early,,,6.618,4.355,0.067,Healthy
,Early,,,6.608,4.329,0.014,Healthy
,Early,,,6.609,4.284,0.0,Healthy
,Early,,,6.603,4.325,0.041,Healthy
,Early,,,6.616,4.355,0.159,Healthy
,Early,,,6.581,4.285,0.0,Healthy
,Early,,,6.591,4.318,0.0,Healthy
,Early,,,6.542,4.297,0.022,Healthy
,Early,,,6.656,4.334,0.048,Healthy
,Early,,,6.564,4.319,0.0,Healthy
,Early,,,6.654,4.291,0.0,Healthy
,Early,,,6.638,4.353,0.277,Healthy
,Early,,,6.641,4.313,0.037,Healthy
,Early,,,6.513,4.3,0.0,Healthy
,Early,,,6.675,4.341,0.079,Healthy
,Early,,,6.582,4.386,0.121,Healthy
,Early,,,6.73,4.406,0.219,Healthy
,Early,,,6.642,4.361,0.0,Healthy
,Early,,,6.603,4.363,0.108,Healthy
,Early,,,6.536,4.309,0.138,Healthy
,Early,,,6.695,4.364,0.186,Healthy
,Early,,,6.598,4.274,0.0,Healthy
,Early,,,6.714,4.364,0.108,Healthy
,Early,,,6.602,4.398,0.269,Healthy
,Early,,,6.753,4.381,0.174,Healthy
,Early,,,6.529,4.358,0.019,Healthy
,Early,,,6.633,4.307,0.0,Healthy
,Early,,,6.57,4.302,0.0,Healthy
,Early,,,6.587,4.357,0.028,Healthy
,Early,,,6.633,4.386,0.114,Healthy
,Early,,,6.577,4.317,0.12,Healthy
,Early,,,6.632,4.326,0.093,Healthy
,Early,,,6.554,4.34,0.099,Healthy
,Early,,,6.602,4.305,0.0,Healthy
,Early,,,6.652,4.393,0.118,Healthy
,Early,,,6.648,4.279,0.0,Healthy
,Early,,,6.618,4.308,0.0,Healthy
,Early,,,6.58,4.336,0.057,Healthy
,Early,,,6.486,4.221,0.0,Healthy
,Early,,,6.647,4.256,0.0,Healthy
,Early,,,6.588,4.376,0.103,Healthy
,Early,,,6.643,4.353,0.0,Healthy
,Early,,,6.666,4.363,0.152,Healthy
,Early,,,6.856,4.352,0.237,Healthy
,Early,,,6.603,4.344,0.08,Healthy
,Early,,,6.595,4.312,0.058,Healthy
,Early,,,6.529,4.334,0.033,Healthy
,Early,,,6.552,4.301,0.099,Healthy
,Early,,,6.588,4.341,0.03,Healthy
,Early,,,6.665,4.379,0.263,Healthy
,Early,,,6.609,4.359,0.113,Healthy
,Early,,,6.698,4.343,0.142,Healthy
,Early,,,6.608,4.334,0.076,Healthy
,Early,,,6.635,4.341,0.098,Healthy
,Early,,,6.715,4.407,0.244,Healthy
,Early,,,6.593,4.3,0.082,Healthy
,Early,,,6.673,4.409,0.145,Healthy
,Early,,,6.606,4.279,0.0,Healthy
,Early,,,6.68,4.345,0.136,Healthy
,Early,,,6.609,4.347,0.013,Healthy
,Early,,,6.625,4.24,0.0,Healthy
,Early,,,6.522,4.347,0.13,Healthy
,Early,,,6.648,4.402,0.109,Healthy
,Early,,,6.725,4.408,0.175,Healthy
,Early,,,6.688,4.326,0.014,Healthy
,Early,,,6.583,4.309,0.0,Healthy
,Early,,,6.693,4.357,0.136,Healthy
,Early,,,6.586,4.266,0.0,Healthy
,Early,,,6.505,4.297,0.0,Healthy
,Early,,,6.739,4.413,0.205,Healthy
,Early,,,6.696,4.338,0.121,Healthy
,Early,,,6.632,4.353,0.184,Healthy
,Early,,,6.664,4.365,0.012,Healthy
,Early,,,6.562,4.316,0.045,Healthy
,Early,,,6.552,4.398,0.256,Healthy
,Early,,,6.656,4.355,0.092,Healthy
,Early,,,6.563,4.323,0.066,Healthy
,Early,,,6.545,4.325,0.04,Healthy
,Early,,,6.685,4.749,2.975,Subclinical
,Early,,,6.874,4.973,3.289,Subclinical
,Early,,,6.804,4.796,3.298,Subclinical
,Early,,,6.756,4.847,3.408,Subclinical
,Early,,,6.716,4.739,2.944,Subclinical
,Early,,,6.832,4.818,2.8,Subclinical
,Early,,,6.757,4.886,3.459,Subclinical
,Early,,,6.757,4.828,3.352,Subclinical
,Early,,,6.687,4.778,3.11,Subclinical
,Early,,,6.802,4.856,3.257,Subclinical
,Early,,,6.656,4.739,3.071,Subclinical
,Early,,,6.731,4.837,3.261,Subclinical
,Early,,,6.763,4.868,3.127,Subclinical
,Early,,,6.77,4.899,3.339,Subclinical
,Early,,,6.751,4.862,3.347,Subclinical
,Early,,,6.678,4.864,3.183,Subclinical
,Early,,,6.801,4.957,3.236,Subclinical
,Early,,,6.745,4.827,3.076,Subclinical
,Early,,,6.867,4.883,3.24,Subclinical
,Early,,,6.79,4.806,3.107,Subclinical
,Early,,,6.796,4.862,3.247,Subclinical
,Early,,,6.754,4.76,3.117,Subclinical
,Early,,,6.868,4.936,3.44,Subclinical
,Early,,,6.815,4.82,3.429,Subclinical
,Early,,,6.79,4.975,3.353,Subclinical
,Early,,,6.871,4.983,3.569,Subclinical
,Early,,,6.792,4.864,3.429,Subclinical
,Early,,,6.787,4.758,2.922,Subclinical
,Early,,,6.771,4.882,3.28,Subclinical
,Early,,,6.841,4.799,3.183,Subclinical
,Early,,,6.689,4.848,3.193,Subclinical
,Early,,,6.801,4.834,3.391,Subclinical
,Early,,,6.832,4.943,3.394,Subclinical
,Early,,,6.809,4.849,3.361,Subclinical
,Early,,,6.862,4.994,3.408,Subclinical
,Early,,,6.798,4.806,3.244,Subclinical
,Early,,,6.803,4.775,2.95,Subclinical
,Early,,,6.766,4.842,3.049,Subclinical
,Early,,,6.799,4.899,3.299,Subclinical
,Early,,,6.742,4.905,3.549,Subclinical
,Early,,,6.756,4.816,3.237,Subclinical
,Early,,,6.762,4.849,3.33,Subclinical
,Early,,,6.685,4.878,3.267,Subclinical
,Early,,,6.759,4.85,3.223,Subclinical
,Early,,,6.693,4.895,3.295,Subclinical
,Early,,,6.802,4.943,3.261,Subclinical
,Early,,,6.804,4.871,3.397,Subclinical
,Early,,,6.674,4.786,3.01,Subclinical
,Early,,,6.802,4.914,3.254,Subclinical
,Early,,,6.744,4.837,3.078,Subclinical
,Early,,,6.822,4.879,2.894,Subclinical
,Early,,,6.761,4.794,2.907,Subclinical
,Early,,,6.718,4.831,3.369,Subclinical
,Early,,,6.796,4.845,3.295,Subclinical
,Early,,,6.757,4.812,3.002,Subclinical
,Early,,,6.692,4.782,3.115,Subclinical
,Early,,,6.775,4.842,3.088,Subclinical
,Early,,,6.81,4.814,3.289,Subclinical
,Early,,,6.73,4.788,2.91,Subclinical
,Early,,,6.755,4.91,3.403,Subclinical
,Early,,,6.829,4.937,3.247,Subclinical
,Early,,,6.763,4.811,3.348,Subclinical
,Early,,,6.72,4.879,3.393,Subclinical
,Early,,,6.871,4.913,3.47,Subclinical
,Early,,,6.894,4.917,3.171,Subclinical
,Early,,,6.686,4.843,2.935,Subclinical
,Early,,,6.761,4.882,3.312,Subclinical
,Early,,,6.801,4.899,3.504,Subclinical
,Early,,,6.732,4.795,3.018,Subclinical
,Early,,,6.822,4.954,3.491,Subclinical
,Early,,,6.839,4.843,3.472,Subclinical
,Early,,,6.856,4.97,3.713,Subclinical
,Early,,,6.697,4.778,2.984,Subclinical
,Early,,,6.816,4.834,3.323,Subclinical
,Early,,,6.849,4.962,3.488,Subclinical
,Early,,,6.731,4.783,3.279,Subclinical
,Early,,,6.819,4.896,3.269,Subclinical
,Early,,,6.679,4.732,3.267,Subclinical
,Early,,,6.716,4.834,3.33,Subclinical
,Early,,,6.717,4.835,3.321,Subclinical
,Early,,,6.781,5.041,3.336,Subclinical
,Early,,,6.833,4.899,3.442,Subclinical
,Early,,,6.802,4.843,3.26,Subclinical
,Early,,,6.687,4.838,3.229,Subclinical
,Early,,,6.812,4.957,3.48,Subclinical
,Early,,,6.787,4.823,3.091,Subclinical
,Early,,,6.839,4.999,3.478,Subclinical
,Early,,,6.782,4.818,3.343,Subclinical
,Early,,,6.813,5.01,3.401,Subclinical
,Early,,,6.761,4.87,3.354,Subclinical
,Early,,,6.769,4.81,3.285,Subclinical
,Early,,,6.816,4.842,3.42,Subclinical
,Early,,,6.839,4.921,3.386,Subclinical
,Early,,,6.808,4.839,3.228,Subclinical
,Early,,,6.672,4.843,2.976,Subclinical
,Early,,,6.855,4.906,3.324,Subclinical
,Early,,,6.749,4.83,3.388,Subclinical
,Early,,,6.656,4.854,3.255,Subclinical
,Early,,,6.72,4.762,3.298,Subclinical
,Early,,,6.733,4.767,3.235,Subclinical
,Early,,,6.997,5.44,17.783,Clinical
,Early,,,6.969,5.522,21.714,Clinical
,Early,,,7.001,5.537,24.241,Clinical
,Early,,,6.99,5.41,17.44,Clinical
,Early,,,7.032,5.509,18.637,Clinical
,Early,,,6.998,5.504,16.557,Clinical
,Early,,,7.012,5.695,24.792,Clinical
,Early,,,6.972,5.347,15.043,Clinical
,Early,,,7.012,5.569,20.894,Clinical
,Early,,,6.978,5.391,17.738,Clinical
,Early,,,7.008,5.423,20.85,Clinical
,Early,,,7.001,5.609,18.554,Clinical
,Early,,,6.963,5.422,17.574,Clinical
,Early,,,7.026,5.614,21.685,Clinical
,Early,,,6.969,5.53,16.956,Clinical
,Early,,,7.023,5.539,24.155,Clinical
,Early,,,7.004,5.509,17.909,Clinical
,Early,,,6.983,5.505,19.003,Clinical
,Early,,,6.978,5.454,17.567,Clinical
,Early,,,6.947,5.432,13.977,Clinical
,Early,,,6.967,5.327,9.387,Clinical
,Early,,,6.963,5.385,20.137,Clinical
,Early,,,6.979,5.48,19.085,Clinical
,Early,,,6.993,5.49,15.593,Clinical
,Early,,,7.019,5.674,19.676,Clinical
,Early,,,6.97,5.428,14.191,Clinical
,Early,,,7.0,5.462,23.202,Clinical
,Early,,,7.014,5.555,23.07,Clinical
,Early,,,7.012,5.498,16.986,Clinical
,Early,,,6.992,5.552,20.531,Clinical
,Early,,,6.958,5.369,14.661,Clinical
,Early,,,6.988,5.621,18.596,Clinical
,Early,,,7.0,5.613,27.53,Clinical
,Early,,,6.982,5.506,20.245,Clinical
,Early,,,6.994,5.492,19.664,Clinical
,Early,,,6.939,5.43,16.554,Clinical
,Early,,,6.986,5.62,20.282,Clinical
,Early,,,6.982,5.609,19.543,Clinical
,Early,,,6.979,5.457,19.541,Clinical
,Early,,,6.994,5.411,15.106,Clinical
,Early,,,6.978,5.459,18.567,Clinical
,Early,,,6.998,5.387,18.445,Clinical
,Early,,,6.995,5.595,22.484,Clinical
,Early,,,7.012,5.568,24.199,Clinical
,Early,,,7.0,5.505,24.645,Clinical
,Early,,,7.008,5.566,17.638,Clinical
,Early,,,6.964,5.456,17.611,Clinical
,Early,,,6.978,5.474,21.824,Clinical
,Early,,,7.004,5.442,17.096,Clinical
,Early,,,6.974,5.43,15.655,Clinical
,Early,,,6.98,5.385,15.222,Clinical
,Early,,,6.979,5.267,17.411,Clinical
,Early,,,7.012,5.51,19.364,Clinical
,Early,,,6.967,5.556,24.663,Clinical
,Early,,,6.993,5.566,21.026,Clinical
,Early,,,6.963,5.406,16.218,Clinical
,Early,,,6.981,5.456,17.244,Clinical
,Early,,,6.988,5.49,15.87,Clinical
,Early,,,6.976,5.372,17.561,Clinical
,Early,,,6.948,5.48,21.116,Clinical
,Early,,,6.984,5.3,12.417,Clinical
,Early,,,6.989,5.419,15.288,Clinical
,Early,,,7.021,5.6,19.56,Clinical
,Early,,,6.958,5.401,15.161,Clinical
,Early,,,7.0,5.474,19.466,Clinical
,Early,,,7.029,5.627,22.557,Clinical
,Early,,,6.986,5.458,20.502,Clinical
,Early,,,6.977,5.467,17.84,Clinical
,Early,,,6.98,5.376,16.084,Clinical
,Early,,,6.989,5.521,18.018,Clinical
,Early,,,7.014,5.482,22.803,Clinical
,Early,,,6.955,5.446,18.049,Clinical
,Early,,,6.974,5.485,21.33,Clinical
,Early,,,6.946,5.431,10.206,Clinical
,Early,,,6.971,5.56,18.716,Clinical
,Early,,,6.967,5.427,21.608,Clinical
,Early,,,6.953,5.341,17.726,Clinical
,Early,,,7.027,5.561,17.829,Clinical
,Early,,,7.032,5.687,26.0,Clinical
,Early,,,6.974,5.452,16.89,Clinical
,Early,,,6.997,5.603,23.787,Clinical
,Early,,,6.968,5.538,20.304,Clinical
,Early,,,7.004,5.619,19.401,Clinical
,Early,,,6.989,5.452,13.611,Clinical
,Early,,,6.997,5.675,19.051,Clinical
,Early,,,6.989,5.532,19.933,Clinical
,Early,,,6.988,5.397,16.534,Clinical
,Early,,,6.975,5.309,16.38,Clinical
,Early,,,7.009,5.534,20.487,Clinical
,Early,,,7.011,5.55,22.628,Clinical
,Early,,,6.984,5.567,21.285,Clinical
,Early,,,6.994,5.412,17.147,Clinical
,Early,,,6.973,5.412,14.167,Clinical
,Early,,,6.969,5.59,24.201,Clinical
,Early,,,7.028,5.488,19.093,Clinical
,Early,,,6.964,5.388,13.17,Clinical
,Early,,,7.015,5.515,22.124,Clinical
,Early,,,7.002,5.672,19.915,Clinical
,Early,,,7.015,5.621,19.947,Clinical
,Early,,,7.01,5.555,19.951,Clinical
,Mid,,,6.417,4.258,1.412,Healthy
,Mid,,,6.45,4.343,1.302,Healthy
,Mid,,,6.419,4.336,1.234,Healthy
,Mid,,,6.433,4.301,1.312,Healthy
,Mid,,,6.443,4.322,1.398,Healthy
,Mid,,,6.479,4.287,1.267,Healthy
,Mid,,,6.498,4.379,1.317,Healthy
,Mid,,,6.464,4.235,1.212,Healthy
,Mid,,,6.526,4.32,1.278,Healthy
,Mid,,,6.481,4.264,1.201,Healthy
,Mid,,,6.474,4.299,1.287,Healthy
,Mid,,,6.48,4.347,1.408,Healthy
,Mid,,,6.436,4.317,1.317,Healthy
,Mid,,,6.468,4.301,1.294,Healthy
,Mid,,,6.41,4.282,1.198,Healthy
,Mid,,,6.405,4.292,1.301,Healthy
,Mid,,,6.481,4.312,1.366,Healthy
,Mid,,,6.472,4.343,1.304,Healthy
,Mid,,,6.456,4.329,1.352,Healthy
,Mid,,,6.367,4.262,1.422,Healthy
,Mid,,,6.436,4.27,1.287,Healthy
,Mid,,,6.462,4.369,1.303,Healthy
,Mid,,,6.479,4.354,1.382,Healthy
,Mid,,,6.464,4.363,1.48,Healthy
,Mid,,,6.404,4.315,1.312,Healthy
,Mid,,,6.453,4.315,1.315,Healthy
,Mid,,,6.498,4.338,1.275,Healthy
,Mid,,,6.434,4.307,1.42,Healthy
,Mid,,,6.474,4.29,1.512,Healthy
,Mid,,,6.461,4.371,1.403,Healthy
,Mid,,,6.471,4.36,1.508,Healthy
,Mid,,,6.492,4.375,1.401,Healthy
,Mid,,,6.427,4.309,1.395,Healthy
,Mid,,,6.441,4.349,1.506,Healthy
,Mid,,,6.413,4.25,1.208,Healthy
,Mid,,,6.462,4.296,1.42,Healthy
,Mid,,,6.467,4.323,1.217,Healthy
,Mid,,,6.397,4.287,1.086,Healthy
,Mid,,,6.491,4.33,1.644,Healthy
,Mid,,,6.542,4.363,1.413,Healthy
,Mid,,,6.49,4.409,1.337,Healthy
,Mid,,,6.379,4.237,1.242,Healthy
,Mid,,,6.47,4.369,1.309,Healthy
,Mid,,,6.357,4.286,1.189,Healthy
,Mid,,,6.369,4.263,1.3,Healthy
,Mid,,,6.445,4.287,1.27,Healthy
,Mid,,,6.435,4.243,1.151,Healthy
,Mid,,,6.471,4.337,1.381,Healthy
,Mid,,,6.41,4.276,1.068,Healthy
,Mid,,,6.457,4.375,1.293,Healthy
,Mid,,,6.427,4.309,1.423,Healthy
,Mid,,,6.432,4.269,1.08,Healthy
,Mid,,,6.454,4.4,1.483,Healthy
,Mid,,,6.449,4.323,1.339,Healthy
,Mid,,,6.417,4.324,1.353,Healthy
,Mid,,,6.451,4.269,1.372,Healthy
,Mid,,,6.477,4.304,1.405,Healthy
,Mid,,,6.43,4.264,1.178,Healthy
,Mid,,,6.379,4.283,1.103,Healthy
,Mid,,,6.401,4.189,1.116,Healthy
,Mid,,,6.444,4.292,1.2,Healthy
,Mid,,,6.403,4.299,1.244,Healthy
,Mid,,,6.463,4.281,1.294,Healthy
,Mid,,,6.502,4.369,1.386,Healthy
,Mid,,,6.46,4.307,1.318,Healthy
,Mid,,,6.437,4.294,1.312,Healthy
,Mid,,,6.41,4.241,1.083,Healthy
,Mid,,,6.386,4.216,1.176,Healthy
,Mid,,,6.414,4.308,1.313,Healthy
,Mid,,,6.371,4.286,1.337,Healthy
,Mid,,,6.41,4.302,1.223,Healthy
,Mid,,,6.454,4.259,1.085,Healthy
,Mid,,,6.435,4.295,1.258,Healthy
,Mid,,,6.403,4.262,1.259,Healthy
,Mid,,,6.448,4.317,1.271,Healthy
,Mid,,,6.497,4.291,1.344,Healthy
,Mid,,,6.497,4.362,1.392,Healthy
,Mid,,,6.429,4.34,1.237,Healthy
,Mid,,,6.411,4.268,1.355,Healthy
,Mid,,,6.465,4.279,1.248,Healthy
,Mid,,,6.425,4.264,1.329,Healthy
,Mid,,,6.395,4.342,1.43,Healthy
,Mid,,,6.494,4.319,1.33,Healthy
,Mid,,,6.393,4.25,1.258,Healthy
,Mid,,,6.502,4.297,1.28,Healthy
,Mid,,,6.444,4.247,1.273,Healthy
,Mid,,,6.421,4.283,1.232,Healthy
,Mid,,,6.418,4.289,1.262,Healthy
,Mid,,,6.435,4.269,1.282,Healthy
,Mid,,,6.516,4.359,1.498,Healthy
,Mid,,,6.394,4.28,1.165,Healthy
,Mid,,,6.391,4.24,1.303,Healthy
,Mid,,,6.488,4.345,1.248,Healthy
,Mid,,,6.442,4.318,1.345,Healthy
,Mid,,,6.376,4.224,1.165,Healthy
,Mid,,,6.471,4.231,1.189,Healthy
,Mid,,,6.456,4.35,1.443,Healthy
,Mid,,,6.473,4.291,1.129,Healthy
,Mid,,,6.434,4.342,1.488,Healthy
,Mid,,,6.478,4.347,1.416,Healthy
,Mid,,,6.748,4.948,3.74,Subclinical
,Mid,,,6.732,5.05,3.653,Subclinical
,Mid,,,6.823,4.94,3.647,Subclinical
,Mid,,,6.741,4.853,3.501,Subclinical
,Mid,,,6.81,4.965,3.472,Subclinical
,Mid,,,6.766,4.97,3.661,Subclinical
,Mid,,,6.808,5.016,3.843,Subclinical
,Mid,,,6.779,4.966,3.454,Subclinical
,Mid,,,6.759,4.946,3.673,Subclinical
,Mid,,,6.788,4.919,3.578,Subclinical
,Mid,,,6.797,5.112,3.848,Subclinical
,Mid,,,6.8,5.016,3.702,Subclinical
,Mid,,,6.82,4.942,3.559,Subclinical
,Mid,,,6.739,4.973,3.723,Subclinical
,Mid,,,6.746,4.792,3.38,Subclinical
,Mid,,,6.807,5.055,3.748,Subclinical
,Mid,,,6.759,4.881,3.564,Subclinical
,Mid,,,6.737,5.093,3.784,Subclinical
,Mid,,,6.747,4.914,3.537,Subclinical
,Mid,,,6.76,5.046,3.704,Subclinical
,Mid,,,6.741,5.078,3.719,Subclinical
,Mid,,,6.801,4.971,3.653,Subclinical
,Mid,,,6.782,4.865,3.695,Subclinical
,Mid,,,6.822,5.007,3.556,Subclinical
,Mid,,,6.784,5.001,3.679,Subclinical
,Mid,,,6.778,5.023,3.804,Subclinical
,Mid,,,6.793,4.932,3.706,Subclinical
,Mid,,,6.836,5.263,3.824,Subclinical
,Mid,,,6.78,4.849,3.538,Subclinical
,Mid,,,6.748,5.088,3.653,Subclinical
,Mid,,,6.702,4.877,3.309,Subclinical
,Mid,,,6.8,4.871,3.517,Subclinical
,Mid,,,6.687,4.871,3.643,Subclinical
,Mid,,,6.784,4.936,3.575,Subclinical
,Mid,,,6.771,5.013,3.524,Subclinical
,Mid,,,6.794,4.821,3.4,Subclinical
,Mid,,,6.75,5.003,3.641,Subclinical
,Mid,,,6.714,4.854,3.494,Subclinical
,Mid,,,6.767,4.937,3.529,Subclinical
,Mid,,,6.798,4.974,3.612,Subclinical
,Mid,,,6.857,4.974,3.459,Subclinical
,Mid,,,6.801,4.967,3.584,Subclinical
,Mid,,,6.739,4.929,3.712,Subclinical
,Mid,,,6.802,5.072,3.589,Subclinical
,Mid,,,6.724,4.738,3.281,Subclinical
,Mid,,,6.808,5.055,3.687,Subclinical
,Mid,,,6.769,4.932,3.59,Subclinical
,Mid,,,6.801,4.902,3.575,Subclinical
,Mid,,,6.807,4.991,3.707,Subclinical
,Mid,,,6.883,5.091,3.8,Subclinical
,Mid,,,6.74,4.961,3.637,Subclinical
,Mid,,,6.778,4.919,3.578,Subclinical
,Mid,,,6.828,5.072,3.821,Subclinical
,Mid,,,6.761,5.021,3.687,Subclinical
,Mid,,,6.732,4.962,3.497,Subclinical
,Mid,,,6.745,4.966,3.628,Subclinical
,Mid,,,6.722,5.002,3.685,Subclinical
,Mid,,,6.742,4.846,3.46,Subclinical
,Mid,,,6.752,4.969,3.57,Subclinical
,Mid,,,6.69,4.869,3.456,Subclinical
,Mid,,,6.795,4.959,3.764,Subclinical
,Mid,,,6.694,4.989,3.589,Subclinical
,Mid,,,6.804,5.022,3.78,Subclinical
,Mid,,,6.755,4.889,3.657,Subclinical
,Mid,,,6.765,4.99,3.747,Subclinical
,Mid,,,6.729,4.977,3.551,Subclinical
,Mid,,,6.765,4.979,3.475,Subclinical
,Mid,,,6.739,5.039,3.758,Subclinical
,Mid,,,6.767,4.994,3.606,Subclinical
,Mid,,,6.824,5.023,3.7,Subclinical
,Mid,,,6.816,4.975,3.774,Subclinical
,Mid,,,6.709,5.026,3.618,Subclinical
,Mid,,,6.76,4.841,3.43,Subclinical
,Mid,,,6.728,4.895,3.508,Subclinical
,Mid,,,6.808,5.034,3.715,Subclinical
,Mid,,,6.726,4.874,3.67,Subclinical
,Mid,,,6.741,5.062,3.675,Subclinical
,Mid,,,6.77,5.053,3.817,Subclinical
,Mid,,,6.766,4.949,3.581,Subclinical
,Mid,,,6.784,5.055,3.702,Subclinical
,Mid,,,6.795,5.118,3.805,Subclinical
,Mid,,,6.782,4.89,3.279,Subclinical
,Mid,,,6.786,4.99,3.585,Subclinical
,Mid,,,6.78,4.986,3.736,Subclinical
,Mid,,,6.773,4.933,3.666,Subclinical
,Mid,,,6.761,5.007,3.6,Subclinical
,Mid,,,6.744,4.958,3.592,Subclinical
,Mid,,,6.789,4.982,3.452,Subclinical
,Mid,,,6.753,5.016,3.625,Subclinical
,Mid,,,6.76,5.037,3.609,Subclinical
,Mid,,,6.708,4.904,3.48,Subclinical
,Mid,,,6.731,4.927,3.603,Subclinical
,Mid,,,6.77,5.0,3.814,Subclinical
,Mid,,,6.756,4.985,3.573,Subclinical
,Mid,,,6.736,4.905,3.488,Subclinical
,Mid,,,6.784,5.155,3.737,Subclinical
,Mid,,,6.753,4.958,3.631,Subclinical
,Mid,,,6.781,5.078,3.494,Subclinical
,Mid,,,6.675,4.846,3.562,Subclinical
,Mid,,,6.707,4.709,3.378,Subclinical
,Mid,,,7.015,5.572,15.236,Clinical
,Mid,,,6.991,5.614,16.121,Clinical
,Mid,,,7.02,5.422,13.619,Clinical
,Mid,,,6.987,5.571,15.699,Clinical
,Mid,,,7.026,5.532,16.431,Clinical
,Mid,,,7.021,5.866,19.691,Clinical
,Mid,,,7.016,5.51,12.303,Clinical
,Mid,,,7.027,5.708,20.367,Clinical
,Mid,,,6.983,5.629,20.111,Clinical
,Mid,,,7.018,5.71,18.508,Clinical
,Mid,,,6.979,5.696,17.058,Clinical
,Mid,,,7.02,5.543,14.618,Clinical
,Mid,,,7.039,5.711,20.913,Clinical
,Mid,,,7.008,5.483,17.0,Clinical
,Mid,,,6.998,5.691,18.141,Clinical
,Mid,,,6.979,5.586,20.06,Clinical
,Mid,,,7.02,5.683,19.841,Clinical
,Mid,,,7.014,5.692,16.543,Clinical
,Mid,,,7.015,5.77,17.912,Clinical
,Mid,,,7.038,5.734,17.569,Clinical
,Mid,,,7.03,5.691,19.526,Clinical
,Mid,,,7.004,5.638,18.252,Clinical
,Mid,,,7.016,5.49,14.023,Clinical
,Mid,,,7.029,5.701,17.655,Clinical
,Mid,,,6.983,5.48,12.246,Clinical
,Mid,,,7.008,5.598,15.533,Clinical
,Mid,,,7.009,5.69,21.416,Clinical
,Mid,,,6.98,5.681,19.339,Clinical
,Mid,,,6.994,5.634,16.656,Clinical
,Mid,,,7.014,5.812,20.652,Clinical
,Mid,,,7.02,5.649,15.456,Clinical
,Mid,,,7.006,5.761,16.652,Clinical
,Mid,,,6.989,5.611,15.51,Clinical
,Mid,,,6.994,5.575,14.513,Clinical
,Mid,,,6.991,5.669,15.746,Clinical
,Mid,,,6.978,5.509,16.826,Clinical
,Mid,,,7.006,5.605,17.171,Clinical
,Mid,,,6.975,5.605,17.454,Clinical
,Mid,,,7.002,5.73,16.866,Clinical
,Mid,,,7.033,5.74,18.449,Clinical
,Mid,,,7.01,5.649,19.561,Clinical
,Mid,,,6.988,5.526,17.599,Clinical
,Mid,,,6.998,5.71,20.965,Clinical
,Mid,,,7.002,5.7,16.457,Clinical
,Mid,,,7.025,5.722,19.431,Clinical
,Mid,,,6.997,5.467,16.112,Clinical
,Mid,,,6.969,5.511,17.105,Clinical
,Mid,,,7.014,5.853,21.814,Clinical
,Mid,,,6.997,5.625,17.198,Clinical
,Mid,,,6.978,5.48,14.477,Clinical
,Mid,,,6.969,5.547,15.704,Clinical
,Mid,,,6.977,5.601,17.929,Clinical
,Mid,,,7.015,5.643,18.551,Clinical
,Mid,,,7.024,5.728,17.479,Clinical
,Mid,,,7.016,5.788,18.505,Clinical
,Mid,,,7.052,5.732,19.082,Clinical
,Mid,,,6.997,5.642,14.78,Clinical
,Mid,,,6.999,5.526,16.284,Clinical
,Mid,,,7.03,5.778,15.744,Clinical
,Mid,,,7.051,5.806,18.726,Clinical
,Mid,,,7.013,5.686,17.116,Clinical
,Mid,,,7.014,5.615,16.655,Clinical
,Mid,,,6.996,5.486,15.785,Clinical
,Mid,,,7.022,5.742,20.185,Clinical
,Mid,,,7.016,5.629,18.78,Clinical
,Mid,,,6.983,5.497,14.093,Clinical
,Mid,,,7.032,5.811,20.594,Clinical
,Mid,,,7.031,5.64,18.27,Clinical
,Mid,,,7.007,5.732,18.499,Clinical
,Mid,,,7.002,5.688,19.457,Clinical
,Mid,,,6.997,5.616,15.516,Clinical
,Mid,,,6.96,5.534,16.809,Clinical
,Mid,,,7.015,5.493,15.245,Clinical
,Mid,,,6.966,5.66,15.773,Clinical
,Mid,,,7.035,5.821,18.599,Clinical
,Mid,,,6.987,5.627,15.918,Clinical
,Mid,,,7.012,5.621,14.58,Clinical
,Mid,,,6.965,5.552,15.257,Clinical
,Mid,,,6.999,5.693,19.95,Clinical
,Mid,,,7.005,5.612,17.955,Clinical
,Mid,,,6.983,5.602,17.741,Clinical
,Mid,,,7.024,5.518,14.988,Clinical
,Mid,,,6.992,5.619,17.905,Clinical
,Mid,,,7.04,5.7,17.772,Clinical
,Mid,,,7.033,5.754,21.119,Clinical
,Mid,,,7.016,5.568,14.66,Clinical
,Mid,,,6.979,5.632,19.065,Clinical
,Mid,,,7.047,5.846,22.197,Clinical
,Mid,,,6.998,5.518,17.289,Clinical
,Mid,,,7.018,5.694,18.899,Clinical
,Mid,,,7.016,5.799,21.581,Clinical
,Mid,,,7.021,5.771,20.057,Clinical
,Mid,,,7.001,5.704,16.119,Clinical
,Mid,,,7.031,5.609,17.793,Clinical
,Mid,,,6.993,5.663,17.659,Clinical
,Mid,,,6.978,5.607,16.01,Clinical
,Mid,,,7.028,5.711,19.192,Clinical
,Mid,,,6.991,5.549,15.585,Clinical
,Mid,,,7.027,5.866,19.243,Clinical
,Mid,,,7.032,5.519,14.394,Clinical
,Late,,,6.641,4.407,1.32,Healthy
,Late,,,6.668,4.492,1.503,Healthy
,Late,,,6.674,4.519,1.544,Healthy
,Late,,,6.659,4.438,1.487,Healthy
,Late,,,6.648,4.435,1.418,Healthy
,Late,,,6.642,4.448,1.455,Healthy
,Late,,,6.667,4.461,1.431,Healthy
,Late,,,6.681,4.539,1.636,Healthy
,Late,,,6.684,4.57,1.486,Healthy
,Late,,,6.675,4.508,1.472,Healthy
,Late,,,6.663,4.535,1.546,Healthy
,Late,,,6.642,4.498,1.45,Healthy
,Late,,,6.664,4.483,1.463,Healthy
,Late,,,6.675,4.466,1.562,Healthy
,Late,,,6.624,4.417,1.424,Healthy
,Late,,,6.672,4.501,1.49,Healthy
,Late,,,6.668,4.491,1.554,Healthy
,Late,,,6.677,4.549,1.488,Healthy
,Late,,,6.658,4.475,1.415,Healthy
,Late,,,6.667,4.477,1.503,Healthy
,Late,,,6.639,4.535,1.469,Healthy
,Late,,,6.664,4.529,1.487,Healthy
,Late,,,6.677,4.46,1.532,Healthy
,Late,,,6.66,4.465,1.442,Healthy
,Late,,,6.676,4.486,1.443,Healthy
,Late,,,6.656,4.434,1.522,Healthy
,Late,,,6.649,4.51,1.506,Healthy
,Late,,,6.64,4.464,1.492,Healthy
,Late,,,6.656,4.536,1.572,Healthy
,Late,,,6.678,4.495,1.434,Healthy
,Late,,,6.648,4.482,1.498,Healthy
,Late,,,6.617,4.433,1.425,Healthy
,Late,,,6.654,4.538,1.543,Healthy
,Late,,,6.686,4.515,1.557,Healthy
,Late,,,6.693,4.589,1.521,Healthy
,Late,,,6.655,4.469,1.485,Healthy
,Late,,,6.674,4.472,1.471,Healthy
,Late,,,6.62,4.498,1.451,Healthy
,Late,,,6.661,4.478,1.528,Healthy
,Late,,,6.603,4.415,1.392,Healthy
,Late,,,6.651,4.551,1.487,Healthy
,Late,,,6.675,4.525,1.58,Healthy
,Late,,,6.647,4.441,1.489,Healthy
,Late,,,6.669,4.435,1.406,Healthy
,Late,,,6.668,4.536,1.488,Healthy
,Late,,,6.602,4.436,1.354,Healthy
,Late,,,6.62,4.317,1.356,Healthy
,Late,,,6.663,4.484,1.546,Healthy
,Late,,,6.673,4.575,1.489,Healthy
,Late,,,6.659,4.42,1.406,Healthy
,Late,,,6.655,4.51,1.499,Healthy
,Late,,,6.672,4.536,1.635,Healthy
,Late,,,6.654,4.442,1.448,Healthy
,Late,,,6.644,4.532,1.499,Healthy
,Late,,,6.649,4.455,1.483,Healthy
,Late,,,6.657,4.459,1.536,Healthy
,Late,,,6.643,4.469,1.49,Healthy
,Late,,,6.627,4.468,1.397,Healthy
,Late,,,6.676,4.471,1.502,Healthy
,Late,,,6.682,4.556,1.557,Healthy
,Late,,,6.655,4.459,1.527,Healthy
,Late,,,6.646,4.428,1.454,Healthy
,Late,,,6.644,4.429,1.347,Healthy
,Late,,,6.65,4.474,1.475,Healthy
,Late,,,6.679,4.537,1.518,Healthy
,Late,,,6.656,4.506,1.559,Healthy
,Late,,,6.663,4.473,1.415,Healthy
,Late,,,6.631,4.48,1.493,Healthy
,Late,,,6.672,4.5,1.564,Healthy
,Late,,,6.65,4.518,1.5,Healthy
,Late,,,6.648,4.499,1.506,Healthy
,Late,,,6.667,4.503,1.491,Healthy
,Late,,,6.708,4.603,1.631,Healthy
,Late,,,6.662,4.536,1.548,Healthy
,Late,,,6.661,4.478,1.465,Healthy
,Late,,,6.597,4.416,1.372,Healthy
,Late,,,6.692,4.533,1.466,Healthy
,Late,,,6.659,4.444,1.463,Healthy
,Late,,,6.666,4.538,1.484,Healthy
,Late,,,6.661,4.433,1.465,Healthy
,Late,,,6.67,4.525,1.514,Healthy
,Late,,,6.668,4.569,1.538,Healthy
,Late,,,6.663,4.447,1.398,Healthy
,Late,,,6.662,4.54,1.512,Healthy
,Late,,,6.655,4.466,1.43,Healthy
,Late,,,6.666,4.434,1.497,Healthy
,Late,,,6.647,4.503,1.423,Healthy
,Late,,,6.673,4.536,1.545,Healthy
,Late,,,6.64,4.474,1.4,Healthy
,Late,,,6.655,4.527,1.553,Healthy
,Late,,,6.66,4.449,1.476,Healthy
,Late,,,6.66,4.392,1.432,Healthy
,Late,,,6.66,4.54,1.469,Healthy
,Late,,,6.596,4.418,1.414,Healthy
,Late,,,6.626,4.404,1.535,Healthy
,Late,,,6.654,4.513,1.466,Healthy
,Late,,,6.618,4.428,1.4,Healthy
,Late,,,6.652,4.475,1.478,Healthy
,Late,,,6.657,4.432,1.452,Healthy
,Late,,,6.621,4.352,1.384,Healthy
,Late,,,6.89,4.931,3.747,Subclinical
,Late,,,6.866,4.89,3.664,Subclinical
,Late,,,6.865,4.928,3.96,Subclinical
,Late,,,6.872,4.941,3.712,Subclinical
,Late,,,6.893,4.903,3.846,Subclinical
,Late,,,6.875,4.97,3.837,Subclinical
,Late,,,6.893,4.925,3.839,Subclinical
,Late,,,6.876,4.879,3.78,Subclinical
,Late,,,6.879,4.929,3.858,Subclinical
,Late,,,6.896,4.98,3.847,Subclinical
,Late,,,6.897,4.892,3.856,Subclinical
,Late,,,6.892,4.855,3.761,Subclinical
,Late,,,6.871,4.875,3.882,Subclinical
,Late,,,6.867,4.869,3.768,Subclinical
,Late,,,6.894,4.932,3.956,Subclinical
,Late,,,6.891,4.841,3.691,Subclinical
,Late,,,6.869,4.926,3.632,Subclinical
,Late,,,6.931,5.01,3.999,Subclinical
,Late,,,6.904,5.051,4.104,Subclinical
,Late,,,6.899,4.951,3.879,Subclinical
,Late,,,6.87,4.872,3.714,Subclinical
,Late,,,6.853,4.881,3.639,Subclinical
,Late,,,6.884,4.923,3.858,Subclinical
,Late,,,6.87,5.037,4.11,Subclinical
,Late,,,6.855,4.897,3.749,Subclinical
,Late,,,6.86,4.836,3.749,Subclinical
,Late,,,6.866,4.943,3.947,Subclinical
,Late,,,6.907,4.92,3.889,Subclinical
,Late,,,6.893,4.916,3.778,Subclinical
,Late,,,6.912,4.972,3.978,Subclinical
,Late,,,6.864,4.847,3.684,Subclinical
,Late,,,6.878,4.871,3.77,Subclinical
,Late,,,6.846,4.828,3.751,Subclinical
,Late,,,6.892,4.919,3.762,Subclinical
,Late,,,6.859,4.877,3.823,Subclinical
,Late,,,6.899,4.923,3.759,Subclinical
,Late,,,6.885,4.892,3.761,Subclinical
,Late,,,6.907,4.99,3.962,Subclinical
,Late,,,6.855,4.896,3.881,Subclinical
,Late,,,6.872,4.968,4.008,Subclinical
,Late,,,6.913,4.977,3.981,Subclinical
,Late,,,6.908,4.976,3.89,Subclinical
,Late,,,6.871,4.918,3.73,Subclinical
,Late,,,6.877,4.963,3.723,Subclinical
,Late,,,6.911,5.008,3.94,Subclinical
,Late,,,6.891,4.934,3.964,Subclinical
,Late,,,6.9,4.886,3.848,Subclinical
,Late,,,6.876,4.918,3.777,Subclinical
,Late,,,6.915,5.01,3.922,Subclinical
,Late,,,6.853,4.868,3.792,Subclinical
,Late,,,6.885,4.98,3.989,Subclinical
,Late,,,6.899,4.959,3.792,Subclinical
,Late,,,6.876,4.96,3.89,Subclinical
,Late,,,6.89,4.92,3.761,Subclinical
,Late,,,6.878,4.93,3.8,Subclinical
,Late,,,6.875,4.874,3.863,Subclinical
,Late,,,6.874,4.974,4.037,Subclinical
,Late,,,6.878,4.875,3.608,Subclinical
,Late,,,6.851,4.823,3.802,Subclinical
,Late,,,6.882,4.94,3.69,Subclinical
,Late,,,6.856,4.926,3.862,Subclinical
,Late,,,6.877,4.94,3.999,Subclinical
,Late,,,6.876,4.917,3.85,Subclinical
,Late,,,6.928,4.894,3.877,Subclinical
,Late,,,6.878,4.941,3.816,Subclinical
,Late,,,6.879,4.949,4.131,Subclinical
,Late,,,6.896,4.905,3.792,Subclinical
,Late,,,6.871,4.832,3.685,Subclinical
,Late,,,6.895,4.885,3.881,Subclinical
,Late,,,6.89,4.902,3.807,Subclinical
,Late,,,6.912,4.993,3.957,Subclinical
,Late,,,6.875,4.917,3.793,Subclinical
,Late,,,6.838,4.951,3.88,Subclinical
,Late,,,6.888,4.928,3.795,Subclinical
,Late,,,6.876,4.847,3.919,Subclinical
,Late,,,6.855,4.844,3.687,Subclinical
,Late,,,6.906,4.954,3.8,Subclinical
,Late,,,6.905,4.984,3.984,Subclinical
,Late,,,6.894,5.041,4.191,Subclinical
,Late,,,6.866,4.971,3.937,Subclinical
,Late,,,6.89,4.861,3.748,Subclinical
,Late,,,6.864,4.934,3.939,Subclinical
,Late,,,6.839,4.865,3.835,Subclinical
,Late,,,6.876,4.946,3.903,Subclinical
,Late,,,6.887,4.917,3.741,Subclinical
,Late,,,6.858,4.921,3.833,Subclinical
,Late,,,6.877,4.898,3.784,Subclinical
,Late,,,6.901,4.933,3.759,Subclinical
,Late,,,6.895,4.931,3.864,Subclinical
,Late,,,6.912,4.961,3.935,Subclinical
,Late,,,6.856,4.88,3.823,Subclinical
,Late,,,6.849,4.888,3.79,Subclinical
,Late,,,6.881,4.965,3.931,Subclinical
,Late,,,6.91,4.917,3.858,Subclinical
,Late,,,6.882,4.877,3.857,Subclinical
,Late,,,6.926,4.98,3.985,Subclinical
,Late,,,6.882,4.892,3.655,Subclinical
,Late,,,6.866,4.842,3.862,Subclinical
,Late,,,6.878,4.902,3.886,Subclinical
,Late,,,6.858,4.858,3.749,Subclinical
,Late,,,7.071,6.106,28.695,Clinical
,Late,,,7.052,6.03,28.046,Clinical
,Late,,,7.029,5.915,25.912,Clinical
,Late,,,7.052,5.932,29.709,Clinical
,Late,,,7.049,5.822,26.324,Clinical
,Late,,,7.06,6.201,28.445,Clinical
,Late,,,7.018,5.962,25.869,Clinical
,Late,,,7.041,5.922,27.01,Clinical
,Late,,,7.064,5.952,27.12,Clinical
,Late,,,7.05,5.996,27.709,Clinical
,Late,,,7.059,6.103,28.76,Clinical
,Late,,,7.059,5.836,26.649,Clinical
,Late,,,7.06,6.093,27.628,Clinical
,Late,,,7.037,5.871,27.252,Clinical
,Late,,,7.071,6.006,28.681,Clinical
,Late,,,7.052,5.975,27.278,Clinical
,Late,,,7.065,6.067,30.411,Clinical
,Late,,,7.033,5.979,26.895,Clinical
,Late,,,7.033,5.919,27.155,Clinical
,Late,,,7.108,6.159,27.878,Clinical
,Late,,,7.055,5.769,26.047,Clinical
,Late,,,7.05,6.069,29.064,Clinical
,Late,,,7.04,5.929,26.363,Clinical
,Late,,,7.027,5.937,25.854,Clinical
,Late,,,7.042,5.842,27.092,Clinical
,Late,,,7.086,5.959,25.724,Clinical
,Late,,,7.048,5.973,27.668,Clinical
,Late,,,7.041,5.927,27.478,Clinical
,Late,,,7.071,5.835,26.287,Clinical
,Late,,,7.054,5.893,28.664,Clinical
,Late,,,7.037,5.932,27.676,Clinical
,Late,,,7.038,5.735,25.402,Clinical
,Late,,,7.071,6.013,26.998,Clinical
,Late,,,7.069,6.007,27.277,Clinical
,Late,,,7.053,6.075,30.511,Clinical
,Late,,,7.067,6.165,28.321,Clinical
,Late,,,7.029,5.917,27.092,Clinical
,Late,,,7.028,5.887,27.177,Clinical
,Late,,,7.057,6.06,28.368,Clinical
,Late,,,7.04,5.889,25.667,Clinical
,Late,,,7.086,6.104,28.288,Clinical
,Late,,,7.031,6.241,28.092,Clinical
,Late,,,7.041,5.997,28.17,Clinical
,Late,,,7.069,6.245,29.869,Clinical
,Late,,,7.029,5.879,27.039,Clinical
,Late,,,7.091,5.967,28.818,Clinical
,Late,,,7.054,6.085,28.125,Clinical
,Late,,,7.033,6.005,28.24,Clinical
,Late,,,7.069,6.045,27.447,Clinical
,Late,,,7.019,5.964,27.666,Clinical
,Late,,,7.031,5.854,26.118,Clinical
,Late,,,7.02,5.788,24.967,Clinical
,Late,,,7.042,5.87,25.132,Clinical
,Late,,,7.09,6.257,28.783,Clinical
,Late,,,7.055,6.045,29.144,Clinical
,Late,,,7.034,6.045,27.317,Clinical
,Late,,,7.023,5.969,28.575,Clinical
,Late,,,7.102,6.024,28.755,Clinical
,Late,,,7.042,6.039,26.406,Clinical
,Late,,,7.025,5.808,26.317,Clinical
,Late,,,7.037,6.009,28.652,Clinical
,Late,,,7.062,6.2,29.442,Clinical
,Late,,,7.026,6.048,27.239,Clinical
,Late,,,7.068,6.216,29.622,Clinical
,Late,,,7.02,5.776,27.311,Clinical
,Late,,,7.047,5.977,28.224,Clinical
,Late,,,7.064,6.058,27.895,Clinical
,Late,,,7.044,6.053,28.513,Clinical
,Late,,,7.045,6.082,28.035,Clinical
,Late,,,7.033,5.838,25.513,Clinical
,Late,,,7.045,6.098,27.47,Clinical
,Late,,,7.054,5.92,26.875,Clinical
,Late,,,7.02,5.852,26.319,Clinical
,Late,,,7.061,6.042,26.791,Clinical
,Late,,,7.072,6.077,28.462,Clinical
,Late,,,7.05,5.922,27.34,Clinical
,Late,,,7.06,5.819,25.959,Clinical
,Late,,,7.045,5.991,28.735,Clinical
,Late,,,7.035,5.872,26.21,Clinical
,Late,,,7.034,5.887,27.571,Clinical
,Late,,,7.029,5.955,25.559,Clinical
,Late,,,7.039,5.905,28.61,Clinical
,Late,,,7.045,5.718,23.767,Clinical
,Late,,,7.051,6.05,28.351,Clinical
,Late,,,7.053,6.12,27.924,Clinical
,Late,,,7.068,5.861,25.914,Clinical
,Late,,,7.014,5.826,26.26,Clinical
,Late,,,7.052,5.995,26.703,Clinical
,Late,,,7.046,5.801,27.65,Clinical
,Late,,,7.044,5.905,28.551,Clinical
,Late,,,7.025,5.771,24.911,Clinical
,Late,,,7.049,6.023,28.52,Clinical
,Late,,,7.101,5.907,27.886,Clinical
,Late,,,7.039,5.877,26.158,Clinical
,Late,,,7.032,6.104,29.075,Clinical
,Late,,,7.05,6.131,27.022,Clinical
,Late,,,7.023,5.648,24.481,Clinical
,Late,,,7.053,6.002,27.823,Clinical
,Late,,,7.022,5.972,27.554,Clinical
,Late,,,7.065,5.821,26.834,Clinical
,,Primiparous,,6.609,4.174,1.262,Healthy
,,Primiparous,,6.685,4.206,1.252,Healthy
,,Primiparous,,6.588,4.299,1.276,Healthy
,,Primiparous,,6.747,4.295,1.271,Healthy
,,Primiparous,,6.634,4.318,1.258,Healthy
,,Primiparous,,6.719,4.282,1.165,Healthy
,,Primiparous,,6.646,4.137,1.213,Healthy
,,Primiparous,,6.609,4.298,1.285,Healthy
,,Primiparous,,6.669,4.331,1.379,Healthy
,,Primiparous,,6.679,4.207,1.135,Healthy
,,Primiparous,,6.639,4.183,1.241,Healthy
,,Primiparous,,6.659,4.324,1.271,Healthy
,,Primiparous,,6.677,4.387,1.368,Healthy
,,Primiparous,,6.676,4.22,1.217,Healthy
,,Primiparous,,6.629,4.18,1.282,Healthy
,,Primiparous,,6.667,4.141,1.332,Healthy
,,Primiparous,,6.699,4.167,1.204,Healthy
,,Primiparous,,6.687,4.446,1.305,Healthy
,,Primiparous,,6.739,4.467,1.353,Healthy
,,Primiparous,,6.663,4.167,1.216,Healthy
,,Primiparous,,6.678,4.34,1.393,Healthy
,,Primiparous,,6.635,4.053,1.165,Healthy
,,Primiparous,,6.698,4.32,1.292,Healthy
,,Primiparous,,6.687,4.429,1.394,Healthy
,,Primiparous,,6.658,4.212,1.241,Healthy
,,Primiparous,,6.778,4.358,1.34,Healthy
,,Primiparous,,6.651,4.355,1.455,Healthy
,,Primiparous,,6.707,4.314,1.313,Healthy
,,Primiparous,,6.537,4.212,1.247,Healthy
,,Primiparous,,6.706,4.238,1.246,Healthy
,,Primiparous,,6.655,4.352,1.3,Healthy
,,Primiparous,,6.805,4.441,1.304,Healthy
,,Primiparous,,6.672,4.212,1.109,Healthy
,,Primiparous,,6.776,4.438,1.419,Healthy
,,Primiparous,,6.69,4.16,1.197,Healthy
,,Primiparous,,6.731,4.23,1.103,Healthy
,,Primiparous,,6.666,4.254,1.284,Healthy
,,Primiparous,,6.724,4.382,1.365,Healthy
,,Primiparous,,6.752,4.207,1.293,Healthy
,,Primiparous,,6.718,4.2,1.154,Healthy
,,Primiparous,,6.635,4.175,1.28,Healthy
,,Primiparous,,6.643,4.164,1.185,Healthy
,,Primiparous,,6.747,4.346,1.32,Healthy
,,Primiparous,,6.673,4.395,1.3,Healthy
,,Primiparous,,6.759,4.376,1.338,Healthy
,,Primiparous,,6.83,4.326,1.308,Healthy
,,Primiparous,,6.606,4.298,1.402,Healthy
,,Primiparous,,6.78,4.491,1.399,Healthy
,,Primiparous,,6.658,4.103,1.329,Healthy
,,Primiparous,,6.708,4.261,1.371,Healthy
,,Primiparous,,6.622,4.262,1.263,Healthy
,,Primiparous,,6.718,4.311,1.215,Healthy
,,Primiparous,,6.685,4.382,1.342,Healthy
,,Primiparous,,6.727,4.227,1.266,Healthy
,,Primiparous,,6.643,4.314,1.306,Healthy
,,Primiparous,,6.721,4.422,1.414,Healthy
,,Primiparous,,6.696,4.202,1.251,Healthy
,,Primiparous,,6.648,4.217,1.229,Healthy
,,Primiparous,,6.621,4.04,1.114,Healthy
,,Primiparous,,6.692,4.165,1.232,Healthy
,,Primiparous,,6.794,4.486,1.519,Healthy
,,Primiparous,,6.703,4.412,1.314,Healthy
,,Primiparous,,6.641,3.986,1.21,Healthy
,,Primiparous,,6.772,4.317,1.303,Healthy
,,Primiparous,,6.635,4.272,1.355,Healthy
,,Primiparous,,6.575,4.217,1.227,Healthy
,,Primiparous,,6.687,4.33,1.304,Healthy
,,Primiparous,,6.674,4.254,1.34,Healthy
,,Primiparous,,6.705,4.325,1.233,Healthy
,,Primiparous,,6.657,4.342,1.322,Healthy
,,Primiparous,,6.72,4.483,1.469,Healthy
,,Primiparous,,6.686,4.238,1.1,Healthy
,,Primiparous,,6.67,4.24,1.294,Healthy
,,Primiparous,,6.671,4.241,1.151,Healthy
,,Primiparous,,6.624,4.27,1.392,Healthy
,,Primiparous,,6.674,4.305,1.365,Healthy
,,Primiparous,,6.631,4.267,1.229,Healthy
,,Primiparous,,6.732,4.344,1.349,Healthy
,,Primiparous,,6.633,4.301,1.433,Healthy
,,Primiparous,,6.62,4.19,1.251,Healthy
,,Primiparous,,6.727,4.273,1.105,Healthy
,,Primiparous,,6.762,4.43,1.263,Healthy
,,Primiparous,,6.644,4.392,1.44,Healthy
,,Primiparous,,6.736,4.318,1.322,Healthy
,,Primiparous,,6.672,4.378,1.283,Healthy
,,Primiparous,,6.632,4.328,1.307,Healthy
,,Primiparous,,6.763,4.297,1.304,Healthy
,,Primiparous,,6.625,4.227,1.159,Healthy
,,Primiparous,,6.651,4.117,1.247,Healthy
,,Primiparous,,6.723,4.16,1.32,Healthy
,,Primiparous,,6.83,4.429,1.342,Healthy
,,Primiparous,,6.849,4.32,1.331,Healthy
,,Primiparous,,6.691,4.416,1.386,Healthy
,,Primiparous,,6.65,4.162,1.202,Healthy
,,Primiparous,,6.62,4.226,1.218,Healthy
,,Primiparous,,6.59,4.311,1.263,Healthy
,,Primiparous,,6.604,4.191,1.239,Healthy
,,Primiparous,,6.575,4.21,1.173,Healthy
,,Primiparous,,6.783,4.428,1.353,Healthy
,,Primiparous,,6.635,4.227,1.298,Healthy
,,Primiparous,,6.849,4.78,3.319,Subclinical
,,Primiparous,,6.838,4.76,3.075,Subclinical
,,Primiparous,,6.869,4.828,3.33,Subclinical
,,Primiparous,,6.888,4.844,3.339,Subclinical
,,Primiparous,,6.867,4.829,3.441,Subclinical
,,Primiparous,,6.841,4.798,3.314,Subclinical
,,Primiparous,,6.861,4.724,3.184,Subclinical
,,Primiparous,,6.884,4.803,3.31,Subclinical
,,Primiparous,,6.841,4.727,3.01,Subclinical
,,Primiparous,,6.845,4.79,3.322,Subclinical
,,Primiparous,,6.847,4.788,3.423,Subclinical
,,Primiparous,,6.846,4.761,3.252,Subclinical
,,Primiparous,,6.862,4.865,3.401,Subclinical
,,Primiparous,,6.852,4.807,3.265,Subclinical
,,Primiparous,,6.85,4.728,3.059,Subclinical
,,Primiparous,,6.857,4.783,3.342,Subclinical
,,Primiparous,,6.85,4.748,3.256,Subclinical
,,Primiparous,,6.825,4.817,3.234,Subclinical
,,Primiparous,,6.846,4.741,3.3,Subclinical
,,Primiparous,,6.843,4.759,3.357,Subclinical
,,Primiparous,,6.851,4.813,3.275,Subclinical
,,Primiparous,,6.822,4.758,3.232,Subclinical
,,Primiparous,,6.863,4.803,3.377,Subclinical
,,Primiparous,,6.818,4.828,3.361,Subclinical
,,Primiparous,,6.864,4.773,3.337,Subclinical
,,Primiparous,,6.824,4.775,3.259,Subclinical
,,Primiparous,,6.851,4.82,3.264,Subclinical
,,Primiparous,,6.836,4.791,3.525,Subclinical
,,Primiparous,,6.847,4.812,3.354,Subclinical
,,Primiparous,,6.889,4.767,3.319,Subclinical
,,Primiparous,,6.817,4.641,3.094,Subclinical
,,Primiparous,,6.853,4.782,3.307,Subclinical
,,Primiparous,,6.912,4.861,3.526,Subclinical
,,Primiparous,,6.837,4.785,3.294,Subclinical
,,Primiparous,,6.842,4.857,3.549,Subclinical
,,Primiparous,,6.853,4.696,3.14,Subclinical
,,Primiparous,,6.904,4.851,3.563,Subclinical
,,Primiparous,,6.879,4.837,3.342,Subclinical
,,Primiparous,,6.801,4.755,3.171,Subclinical
,,Primiparous,,6.854,4.741,3.226,Subclinical
,,Primiparous,,6.851,4.802,3.245,Subclinical
,,Primiparous,,6.874,4.796,3.193,Subclinical
,,Primiparous,,6.848,4.789,3.342,Subclinical
,,Primiparous,,6.877,4.816,3.375,Subclinical
,,Primiparous,,6.828,4.796,3.347,Subclinical
,,Primiparous,,6.842,4.698,3.31,Subclinical
,,Primiparous,,6.825,4.733,3.257,Subclinical
,,Primiparous,,6.826,4.695,2.958,Subclinical
,,Primiparous,,6.864,4.786,3.608,Subclinical
,,Primiparous,,6.83,4.725,3.158,Subclinical
,,Primiparous,,6.855,4.776,3.368,Subclinical
,,Primiparous,,6.83,4.706,3.009,Subclinical
,,Primiparous,,6.806,4.709,3.146,Subclinical
,,Primiparous,,6.837,4.826,3.501,Subclinical
,,Primiparous,,6.843,4.705,3.131,Subclinical
,,Primiparous,,6.838,4.746,3.185,Subclinical
,,Primiparous,,6.837,4.756,3.207,Subclinical
,,Primiparous,,6.854,4.811,3.28,Subclinical
,,Primiparous,,6.875,4.782,3.175,Subclinical
,,Primiparous,,6.858,4.765,3.323,Subclinical
,,Primiparous,,6.802,4.786,3.364,Subclinical
,,Primiparous,,6.82,4.688,3.304,Subclinical
,,Primiparous,,6.835,4.735,3.016,Subclinical
,,Primiparous,,6.843,4.771,3.363,Subclinical
,,Primiparous,,6.822,4.689,3.191,Subclinical
,,Primiparous,,6.87,4.75,3.375,Subclinical
,,Primiparous,,6.851,4.837,3.403,Subclinical
,,Primiparous,,6.8,4.717,3.285,Subclinical
,,Primiparous,,6.832,4.75,3.238,Subclinical
,,Primiparous,,6.792,4.785,3.208,Subclinical
,,Primiparous,,6.86,4.8,3.47,Subclinical
,,Primiparous,,6.858,4.791,3.25,Subclinical
,,Primiparous,,6.866,4.731,3.302,Subclinical
,,Primiparous,,6.828,4.814,3.375,Subclinical
,,Primiparous,,6.863,4.81,3.204,Subclinical
,,Primiparous,,6.833,4.796,3.347,Subclinical
,,Primiparous,,6.874,4.838,3.33,Subclinical
,,Primiparous,,6.834,4.773,3.075,Subclinical
,,Primiparous,,6.883,4.853,3.567,Subclinical
,,Primiparous,,6.818,4.801,3.546,Subclinical
,,Primiparous,,6.824,4.788,3.314,Subclinical
,,Primiparous,,6.819,4.77,3.362,Subclinical
,,Primiparous,,6.838,4.824,3.222,Subclinical
,,Primiparous,,6.82,4.756,3.262,Subclinical
,,Primiparous,,6.836,4.806,3.399,Subclinical
,,Primiparous,,6.867,4.807,3.424,Subclinical
,,Primiparous,,6.841,4.866,3.374,Subclinical
,,Primiparous,,6.892,4.847,3.314,Subclinical
,,Primiparous,,6.877,4.831,3.493,Subclinical
,,Primiparous,,6.874,4.837,3.363,Subclinical
,,Primiparous,,6.87,4.816,3.447,Subclinical
,,Primiparous,,6.807,4.752,3.186,Subclinical
,,Primiparous,,6.883,4.86,3.485,Subclinical
,,Primiparous,,6.86,4.76,3.44,Subclinical
,,Primiparous,,6.89,4.859,3.615,Subclinical
,,Primiparous,,6.839,4.741,3.247,Subclinical
,,Primiparous,,6.859,4.785,3.376,Subclinical
,,Primiparous,,6.856,4.756,3.325,Subclinical
,,Primiparous,,6.867,4.82,3.498,Subclinical
,,Primiparous,,6.826,4.778,3.187,Subclinical
,,Primiparous,,6.924,5.102,8.845,Clinical
,,Primiparous,,6.953,5.199,10.729,Clinical
,,Primiparous,,6.964,5.042,10.268,Clinical
,,Primiparous,,6.938,5.196,10.387,Clinical
,,Primiparous,,6.99,5.425,11.54,Clinical
,,Primiparous,,6.937,5.48,11.482,Clinical
,,Primiparous,,6.973,5.381,11.132,Clinical
,,Primiparous,,7.0,5.619,11.851,Clinical
,,Primiparous,,6.964,5.26,11.207,Clinical
,,Primiparous,,6.905,4.9,8.174,Clinical
,,Primiparous,,6.898,5.087,9.867,Clinical
,,Primiparous,,6.935,5.018,9.272,Clinical
,,Primiparous,,7.023,5.122,10.474,Clinical
,,Primiparous,,7.021,5.456,12.309,Clinical
,,Primiparous,,7.09,5.398,11.287,Clinical
,,Primiparous,,6.959,5.237,11.458,Clinical
,,Primiparous,,6.913,5.054,10.425,Clinical
,,Primiparous,,7.031,5.304,11.346,Clinical
,,Primiparous,,6.997,5.488,11.522,Clinical
,,Primiparous,,7.031,5.688,12.897,Clinical
,,Primiparous,,6.982,5.366,10.596,Clinical
,,Primiparous,,7.099,5.481,11.381,Clinical
,,Primiparous,,6.938,5.344,11.39,Clinical
,,Primiparous,,6.955,5.304,9.376,Clinical
,,Primiparous,,6.989,5.342,12.121,Clinical
,,Primiparous,,6.941,5.046,8.656,Clinical
,,Primiparous,,6.913,5.335,11.842,Clinical
,,Primiparous,,6.996,5.451,11.397,Clinical
,,Primiparous,,6.975,5.22,9.961,Clinical
,,Primiparous,,6.903,5.182,9.882,Clinical
,,Primiparous,,7.017,5.341,10.695,Clinical
,,Primiparous,,6.936,5.21,10.677,Clinical
,,Primiparous,,6.923,5.191,10.171,Clinical
,,Primiparous,,6.944,5.138,9.962,Clinical
,,Primiparous,,6.923,5.225,9.445,Clinical
,,Primiparous,,7.033,5.652,11.595,Clinical
,,Primiparous,,7.007,5.219,11.066,Clinical
,,Primiparous,,6.917,5.231,9.48,Clinical
,,Primiparous,,6.97,5.122,10.392,Clinical
,,Primiparous,,6.938,5.274,10.124,Clinical
,,Primiparous,,6.974,5.28,9.879,Clinical
,,Primiparous,,6.991,5.482,10.815,Clinical
,,Primiparous,,7.039,5.554,11.189,Clinical
,,Primiparous,,6.907,5.194,9.548,Clinical
,,Primiparous,,7.073,5.422,10.654,Clinical
,,Primiparous,,6.923,5.319,10.123,Clinical
,,Primiparous,,6.982,5.395,10.637,Clinical
,,Primiparous,,6.978,5.264,10.945,Clinical
,,Primiparous,,7.01,5.289,10.621,Clinical
,,Primiparous,,6.961,5.052,9.618,Clinical
,,Primiparous,,7.075,5.307,10.153,Clinical
,,Primiparous,,6.936,5.294,10.83,Clinical
,,Primiparous,,6.972,5.14,9.908,Clinical
,,Primiparous,,6.902,5.165,10.517,Clinical
,,Primiparous,,6.917,4.976,10.233,Clinical
,,Primiparous,,6.949,5.367,10.712,Clinical
,,Primiparous,,6.972,5.313,9.932,Clinical
,,Primiparous,,6.987,5.232,9.243,Clinical
,,Primiparous,,6.997,5.263,10.312,Clinical
,,Primiparous,,6.919,5.378,11.521,Clinical
,,Primiparous,,7.028,5.307,9.333,Clinical
,,Primiparous,,7.078,5.416,10.677,Clinical
,,Primiparous,,7.001,5.452,11.285,Clinical
,,Primiparous,,7.044,5.509,10.79,Clinical
,,Primiparous,,6.946,5.339,8.578,Clinical
,,Primiparous,,6.973,5.076,9.168,Clinical
,,Primiparous,,6.965,5.201,9.668,Clinical
,,Primiparous,,6.925,5.476,12.753,Clinical
,,Primiparous,,6.922,5.38,10.538,Clinical
,,Primiparous,,6.986,5.272,9.944,Clinical
,,Primiparous,,7.029,5.364,10.573,Clinical
,,Primiparous,,6.915,5.053,8.061,Clinical
,,Primiparous,,6.981,5.118,9.541,Clinical
,,Primiparous,,7.049,5.531,11.716,Clinical
,,Primiparous,,6.976,5.503,11.904,Clinical
,,Primiparous,,6.964,5.062,9.774,Clinical
,,Primiparous,,7.021,5.255,10.665,Clinical
,,Primiparous,,6.962,5.218,8.226,Clinical
,,Primiparous,,6.969,5.376,10.413,Clinical
,,Primiparous,,6.983,5.178,10.305,Clinical
,,Primiparous,,6.969,5.133,10.841,Clinical
,,Primiparous,,7.026,5.266,10.886,Clinical
,,Primiparous,,7.007,5.394,9.724,Clinical
,,Primiparous,,7.03,5.277,10.271,Clinical
,,Primiparous,,7.112,5.517,11.473,Clinical
,,Primiparous,,6.87,5.273,9.227,Clinical
,,Primiparous,,6.93,5.149,10.914,Clinical
,,Primiparous,,7.019,5.311,10.929,Clinical
,,Primiparous,,6.95,5.24,10.315,Clinical
,,Primiparous,,7.028,5.47,11.816,Clinical
,,Primiparous,,6.962,5.336,10.641,Clinical
,,Primiparous,,6.926,5.133,9.796,Clinical
,,Primiparous,,7.026,5.318,9.787,Clinical
,,Primiparous,,6.983,5.289,10.676,Clinical
,,Primiparous,,7.026,5.473,10.973,Clinical
,,Primiparous,,6.949,5.089,10.11,Clinical
,,Primiparous,,7.052,5.344,10.705,Clinical
,,Primiparous,,7.053,5.45,11.721,Clinical
,,Primiparous,,6.92,5.263,9.584,Clinical
,,Primiparous,,6.923,5.136,9.281,Clinical
,,2nd,,6.556,4.229,1.281,Healthy
,,2nd,,6.583,4.246,1.313,Healthy
,,2nd,,6.544,4.328,1.309,Healthy
,,2nd,,6.561,4.301,1.388,Healthy
,,2nd,,6.535,4.302,1.369,Healthy
,,2nd,,6.574,4.451,1.429,Healthy
,,2nd,,6.579,4.335,1.436,Healthy
,,2nd,,6.56,4.29,1.382,Healthy
,,2nd,,6.55,4.222,1.152,Healthy
,,2nd,,6.572,4.401,1.42,Healthy
,,2nd,,6.586,4.282,1.243,Healthy
,,2nd,,6.554,4.295,1.287,Healthy
,,2nd,,6.574,4.309,1.316,Healthy
,,2nd,,6.559,4.261,1.233,Healthy
,,2nd,,6.557,4.297,1.286,Healthy
,,2nd,,6.562,4.29,1.38,Healthy
,,2nd,,6.537,4.236,1.428,Healthy
,,2nd,,6.539,4.208,1.231,Healthy
,,2nd,,6.518,4.232,1.365,Healthy
,,2nd,,6.529,4.16,0.991,Healthy
,,2nd,,6.578,4.396,1.367,Healthy
,,2nd,,6.574,4.403,1.558,Healthy
,,2nd,,6.555,4.185,1.085,Healthy
,,2nd,,6.551,4.283,1.25,Healthy
,,2nd,,6.582,4.41,1.413,Healthy
,,2nd,,6.582,4.363,1.376,Healthy
,,2nd,,6.578,4.342,1.511,Healthy
,,2nd,,6.531,4.238,1.194,Healthy
,,2nd,,6.569,4.389,1.394,Healthy
,,2nd,,6.532,4.308,1.347,Healthy
,,2nd,,6.521,4.249,1.084,Healthy
,,2nd,,6.547,4.243,1.281,Healthy
,,2nd,,6.562,4.248,1.299,Healthy
,,2nd,,6.531,4.282,1.189,Healthy
,,2nd,,6.553,4.324,1.356,Healthy
,,2nd,,6.587,4.348,1.38,Healthy
,,2nd,,6.551,4.305,1.326,Healthy
,,2nd,,6.558,4.215,1.214,Healthy
,,2nd,,6.567,4.287,1.172,Healthy
,,2nd,,6.59,4.382,1.378,Healthy
,,2nd,,6.537,4.232,1.304,Healthy
,,2nd,,6.563,4.286,1.314,Healthy
,,2nd,,6.544,4.361,1.462,Healthy
,,2nd,,6.551,4.263,1.031,Healthy
,,2nd,,6.53,4.195,1.164,Healthy
,,2nd,,6.553,4.231,1.182,Healthy
,,2nd,,6.57,4.353,1.202,Healthy
,,2nd,,6.557,4.235,1.284,Healthy
,,2nd,,6.576,4.289,1.22,Healthy
,,2nd,,6.551,4.18,1.171,Healthy
,,2nd,,6.555,4.351,1.257,Healthy
,,2nd,,6.548,4.214,1.101,Healthy
,,2nd,,6.536,4.324,1.25,Healthy
,,2nd,,6.562,4.294,1.181,Healthy
,,2nd,,6.557,4.335,1.231,Healthy
,,2nd,,6.576,4.292,1.247,Healthy
,,2nd,,6.571,4.293,1.287,Healthy
,,2nd,,6.554,4.307,1.102,Healthy
,,2nd,,6.523,4.284,1.338,Healthy
,,2nd,,6.542,4.269,1.268,Healthy
,,2nd,,6.574,4.228,1.139,Healthy
,,2nd,,6.553,4.335,1.528,Healthy
,,2nd,,6.555,4.231,1.238,Healthy
,,2nd,,6.586,4.357,1.293,Healthy
,,2nd,,6.579,4.374,1.3,Healthy
,,2nd,,6.568,4.373,1.472,Healthy
,,2nd,,6.559,4.29,1.374,Healthy
,,2nd,,6.536,4.294,1.161,Healthy
,,2nd,,6.581,4.33,1.435,Healthy
,,2nd,,6.57,4.263,1.364,Healthy
,,2nd,,6.591,4.404,1.362,Healthy
,,2nd,,6.554,4.308,1.238,Healthy
,,2nd,,6.594,4.371,1.168,Healthy
,,2nd,,6.567,4.303,1.288,Healthy
,,2nd,,6.553,4.34,1.422,Healthy
,,2nd,,6.566,4.302,1.289,Healthy
,,2nd,,6.56,4.27,1.299,Healthy
,,2nd,,6.569,4.403,1.514,Healthy
,,2nd,,6.546,4.33,1.242,Healthy
,,2nd,,6.574,4.306,1.218,Healthy
,,2nd,,6.566,4.182,1.012,Healthy
,,2nd,,6.556,4.309,1.267,Healthy
,,2nd,,6.528,4.218,1.211,Healthy
,,2nd,,6.572,4.328,1.418,Healthy
,,2nd,,6.568,4.284,1.251,Healthy
,,2nd,,6.532,4.26,1.32,Healthy
,,2nd,,6.574,4.403,1.391,Healthy
,,2nd,,6.587,4.343,1.468,Healthy
,,2nd,,6.56,4.345,1.46,Healthy
,,2nd,,6.556,4.315,1.408,Healthy
,,2nd,,6.557,4.238,1.387,Healthy
,,2nd,,6.551,4.303,1.381,Healthy
,,2nd,,6.548,4.239,1.233,Healthy
,,2nd,,6.524,4.239,1.221,Healthy
,,2nd,,6.555,4.223,1.324,Healthy
,,2nd,,6.562,4.386,1.369,Healthy
,,2nd,,6.542,4.296,1.259,Healthy
,,2nd,,6.536,4.348,1.285,Healthy
,,2nd,,6.523,4.32,1.256,Healthy
,,2nd,,6.548,4.201,1.307,Healthy
,,2nd,,6.696,4.707,3.51,Subclinical
,,2nd,,6.781,4.787,3.281,Subclinical
,,2nd,,6.72,4.743,3.335,Subclinical
,,2nd,,6.77,4.839,3.689,Subclinical
,,2nd,,6.699,4.892,3.705,Subclinical
,,2nd,,6.76,4.863,3.898,Subclinical
,,2nd,,6.688,4.675,3.038,Subclinical
,,2nd,,6.77,4.811,3.525,Subclinical
,,2nd,,6.727,4.561,3.28,Subclinical
,,2nd,,6.833,4.796,3.588,Subclinical
,,2nd,,6.682,4.726,3.357,Subclinical
,,2nd,,6.722,4.665,3.297,Subclinical
,,2nd,,6.779,4.679,3.327,Subclinical
,,2nd,,6.758,4.674,3.606,Subclinical
,,2nd,,6.717,4.668,3.222,Subclinical
,,2nd,,6.85,4.912,3.544,Subclinical
,,2nd,,6.815,4.845,3.615,Subclinical
,,2nd,,6.743,4.688,3.426,Subclinical
,,2nd,,6.733,4.896,3.451,Subclinical
,,2nd,,6.837,4.841,3.622,Subclinical
,,2nd,,6.802,4.76,3.594,Subclinical
,,2nd,,6.625,4.566,3.088,Subclinical
,,2nd,,6.697,4.686,3.417,Subclinical
,,2nd,,6.795,4.827,3.468,Subclinical
,,2nd,,6.778,4.8,3.643,Subclinical
,,2nd,,6.799,4.813,3.422,Subclinical
,,2nd,,6.727,4.689,3.336,Subclinical
,,2nd,,6.773,4.845,3.563,Subclinical
,,2nd,,6.761,4.783,3.427,Subclinical
,,2nd,,6.714,4.572,3.148,Subclinical
,,2nd,,6.784,4.735,3.415,Subclinical
,,2nd,,6.783,4.839,3.423,Subclinical
,,2nd,,6.81,4.918,3.515,Subclinical
,,2nd,,6.719,4.828,3.516,Subclinical
,,2nd,,6.649,4.534,3.146,Subclinical
,,2nd,,6.702,4.674,3.358,Subclinical
,,2nd,,6.833,4.822,3.701,Subclinical
,,2nd,,6.831,4.967,3.764,Subclinical
,,2nd,,6.662,4.706,3.518,Subclinical
,,2nd,,6.756,4.914,3.758,Subclinical
,,2nd,,6.788,4.892,3.672,Subclinical
,,2nd,,6.635,4.596,3.404,Subclinical
,,2nd,,6.72,4.709,3.261,Subclinical
,,2nd,,6.849,5.007,3.66,Subclinical
,,2nd,,6.767,4.72,3.505,Subclinical
,,2nd,,6.785,4.866,3.641,Subclinical
,,2nd,,6.907,4.837,3.371,Subclinical
,,2nd,,6.74,4.616,3.101,Subclinical
,,2nd,,6.71,4.639,3.19,Subclinical
,,2nd,,6.786,4.754,3.445,Subclinical
,,2nd,,6.805,4.752,3.436,Subclinical
,,2nd,,6.778,4.624,3.003,Subclinical
,,2nd,,6.777,4.83,3.826,Subclinical
,,2nd,,6.768,4.848,3.546,Subclinical
,,2nd,,6.775,4.927,3.386,Subclinical
,,2nd,,6.781,4.973,3.757,Subclinical
,,2nd,,6.843,4.803,3.536,Subclinical
,,2nd,,6.762,4.583,3.111,Subclinical
,,2nd,,6.705,4.782,3.594,Subclinical
,,2nd,,6.776,4.857,3.563,Subclinical
,,2nd,,6.82,4.834,3.577,Subclinical
,,2nd,,6.747,4.814,3.472,Subclinical
,,2nd,,6.809,4.725,3.297,Subclinical
,,2nd,,6.794,4.799,3.462,Subclinical
,,2nd,,6.805,4.765,3.46,Subclinical
,,2nd,,6.83,4.975,3.941,Subclinical
,,2nd,,6.746,4.86,3.455,Subclinical
,,2nd,,6.715,4.522,3.403,Subclinical
,,2nd,,6.717,4.714,3.284,Subclinical
,,2nd,,6.795,4.775,3.323,Subclinical
,,2nd,,6.782,4.671,3.262,Subclinical
,,2nd,,6.655,4.538,3.208,Subclinical
,,2nd,,6.662,4.541,3.189,Subclinical
,,2nd,,6.733,4.911,3.876,Subclinical
,,2nd,,6.717,4.772,3.569,Subclinical
,,2nd,,6.73,4.611,3.288,Subclinical
,,2nd,,6.751,4.724,3.483,Subclinical
,,2nd,,6.722,4.633,3.326,Subclinical
,,2nd,,6.779,4.69,3.515,Subclinical
,,2nd,,6.671,4.628,3.258,Subclinical
,,2nd,,6.728,4.688,3.624,Subclinical
,,2nd,,6.717,4.933,3.714,Subclinical
,,2nd,,6.765,4.815,3.867,Subclinical
,,2nd,,6.71,4.622,3.197,Subclinical
,,2nd,,6.762,4.625,3.316,Subclinical
,,2nd,,6.845,4.872,3.582,Subclinical
,,2nd,,6.729,4.814,3.414,Subclinical
,,2nd,,6.852,5.032,3.84,Subclinical
,,2nd,,6.759,4.857,3.724,Subclinical
,,2nd,,6.72,4.683,3.195,Subclinical
,,2nd,,6.78,4.848,3.398,Subclinical
,,2nd,,6.737,4.631,3.196,Subclinical
,,2nd,,6.788,4.737,3.409,Subclinical
,,2nd,,6.679,4.7,3.372,Subclinical
,,2nd,,6.724,4.716,3.431,Subclinical
,,2nd,,6.719,4.602,3.513,Subclinical
,,2nd,,6.728,4.728,3.557,Subclinical
,,2nd,,6.936,4.85,3.678,Subclinical
,,2nd,,6.725,4.687,3.28,Subclinical
,,2nd,,6.704,4.707,3.199,Subclinical
,,2nd,,6.978,5.321,23.181,Clinical
,,2nd,,6.921,5.178,21.144,Clinical
,,2nd,,6.893,5.131,18.634,Clinical
,,2nd,,6.904,4.956,20.353,Clinical
,,2nd,,6.913,5.332,24.087,Clinical
,,2nd,,6.889,5.042,23.234,Clinical
,,2nd,,7.01,5.366,23.545,Clinical
,,2nd,,6.915,5.255,20.321,Clinical
,,2nd,,6.859,4.965,18.103,Clinical
,,2nd,,6.895,5.165,18.666,Clinical
,,2nd,,6.909,5.291,22.275,Clinical
,,2nd,,6.94,5.347,23.4,Clinical
,,2nd,,6.998,5.298,21.617,Clinical
,,2nd,,6.888,5.114,21.41,Clinical
,,2nd,,6.992,5.445,20.978,Clinical
,,2nd,,6.983,5.121,21.778,Clinical
,,2nd,,6.925,5.303,19.885,Clinical
,,2nd,,6.987,5.168,19.747,Clinical
,,2nd,,6.9,4.988,18.648,Clinical
,,2nd,,7.012,5.668,26.623,Clinical
,,2nd,,6.985,5.352,23.678,Clinical
,,2nd,,6.926,5.248,22.353,Clinical
,,2nd,,6.917,5.202,20.827,Clinical
,,2nd,,6.973,5.189,20.927,Clinical
,,2nd,,7.016,5.509,26.94,Clinical
,,2nd,,6.941,5.287,23.606,Clinical
,,2nd,,7.002,5.141,18.452,Clinical
,,2nd,,6.992,5.309,21.318,Clinical
,,2nd,,6.89,5.103,17.421,Clinical
,,2nd,,7.024,5.391,23.353,Clinical
,,2nd,,6.964,5.397,24.814,Clinical
,,2nd,,6.983,5.254,21.281,Clinical
,,2nd,,6.971,5.244,21.607,Clinical
,,2nd,,6.956,5.364,19.962,Clinical
,,2nd,,6.969,5.273,23.082,Clinical
,,2nd,,6.971,5.481,26.443,Clinical
,,2nd,,6.994,5.502,25.027,Clinical
,,2nd,,6.941,5.349,23.843,Clinical
,,2nd,,6.928,5.274,21.701,Clinical
,,2nd,,6.906,5.334,22.427,Clinical
,,2nd,,7.022,5.21,20.543,Clinical
,,2nd,,6.941,5.378,23.621,Clinical
,,2nd,,6.952,5.147,18.566,Clinical
,,2nd,,6.953,5.121,19.313,Clinical
,,2nd,,6.96,5.176,23.444,Clinical
,,2nd,,6.989,5.16,19.234,Clinical
,,2nd,,6.849,5.007,19.747,Clinical
,,2nd,,6.923,5.273,19.237,Clinical
,,2nd,,6.972,5.243,21.628,Clinical
,,2nd,,6.936,5.103,18.025,Clinical
,,2nd,,6.979,5.36,24.648,Clinical
,,2nd,,6.953,5.288,19.195,Clinical
,,2nd,,6.929,5.228,24.468,Clinical
,,2nd,,6.967,5.467,25.034,Clinical
,,2nd,,6.912,5.214,21.425,Clinical
,,2nd,,6.902,5.143,19.88,Clinical
,,2nd,,7.004,5.13,22.467,Clinical
,,2nd,,6.903,5.034,20.948,Clinical
,,2nd,,6.969,5.439,25.065,Clinical
,,2nd,,7.022,5.453,23.871,Clinical
,,2nd,,6.954,5.411,22.105,Clinical
,,2nd,,6.914,5.171,17.125,Clinical
,,2nd,,6.946,5.051,19.465,Clinical
,,2nd,,6.975,5.256,24.513,Clinical
,,2nd,,6.882,5.282,22.764,Clinical
,,2nd,,6.871,5.432,23.17,Clinical
,,2nd,,6.905,5.034,18.667,Clinical
,,2nd,,6.935,5.253,21.07,Clinical
,,2nd,,6.965,5.25,18.49,Clinical
,,2nd,,6.934,4.978,19.106,Clinical
,,2nd,,6.901,5.201,23.0,Clinical
,,2nd,,6.902,5.302,21.26,Clinical
,,2nd,,7.01,5.33,21.342,Clinical
,,2nd,,6.967,5.249,20.273,Clinical
,,2nd,,6.921,5.212,23.255,Clinical
,,2nd,,6.863,5.12,20.821,Clinical
,,2nd,,6.948,5.408,23.203,Clinical
,,2nd,,6.933,5.303,22.265,Clinical
,,2nd,,6.924,5.28,20.751,Clinical
,,2nd,,6.916,5.15,22.561,Clinical
,,2nd,,6.811,5.073,19.123,Clinical
,,2nd,,6.873,5.169,21.16,Clinical
,,2nd,,6.964,4.997,21.099,Clinical
,,2nd,,6.91,5.275,22.922,Clinical
,,2nd,,6.905,5.263,20.916,Clinical
,,2nd,,6.857,5.237,19.797,Clinical
,,2nd,,6.906,5.147,20.718,Clinical
,,2nd,,6.938,5.307,19.971,Clinical
,,2nd,,6.91,5.186,23.835,Clinical
,,2nd,,6.935,5.362,22.831,Clinical
,,2nd,,6.921,5.19,20.528,Clinical
,,2nd,,6.964,5.443,24.371,Clinical
,,2nd,,6.987,5.225,20.788,Clinical
,,2nd,,6.911,5.235,20.678,Clinical
,,2nd,,6.969,5.197,21.158,Clinical
,,2nd,,6.967,5.069,23.141,Clinical
,,2nd,,6.929,5.007,19.08,Clinical
,,2nd,,6.941,5.243,23.105,Clinical
,,2nd,,6.97,5.334,23.339,Clinical
,,2nd,,6.936,5.439,21.195,Clinical
,,3rd,,6.711,4.444,1.515,Healthy
,,3rd,,6.702,4.382,1.366,Healthy
,,3rd,,6.713,4.482,1.46,Healthy
,,3rd,,6.722,4.519,1.579,Healthy
,,3rd,,6.697,4.409,1.401,Healthy
,,3rd,,6.716,4.434,1.544,Healthy
,,3rd,,6.699,4.378,1.412,Healthy
,,3rd,,6.687,4.399,1.559,Healthy
,,3rd,,6.71,4.411,1.407,Healthy
,,3rd,,6.709,4.443,1.504,Healthy
,,3rd,,6.7,4.467,1.514,Healthy
,,3rd,,6.717,4.435,1.532,Healthy
,,3rd,,6.707,4.443,1.409,Healthy
,,3rd,,6.7,4.442,1.431,Healthy
,,3rd,,6.701,4.41,1.445,Healthy
,,3rd,,6.704,4.427,1.435,Healthy
,,3rd,,6.691,4.372,1.353,Healthy
,,3rd,,6.703,4.455,1.538,Healthy
,,3rd,,6.717,4.498,1.558,Healthy
,,3rd,,6.716,4.435,1.599,Healthy
,,3rd,,6.73,4.472,1.548,Healthy
,,3rd,,6.724,4.458,1.46,Healthy
,,3rd,,6.719,4.456,1.503,Healthy
,,3rd,,6.702,4.383,1.372,Healthy
,,3rd,,6.719,4.449,1.564,Healthy
,,3rd,,6.703,4.402,1.387,Healthy
,,3rd,,6.709,4.458,1.445,Healthy
,,3rd,,6.724,4.512,1.588,Healthy
,,3rd,,6.722,4.433,1.518,Healthy
,,3rd,,6.72,4.479,1.531,Healthy
,,3rd,,6.68,4.377,1.298,Healthy
,,3rd,,6.7,4.428,1.409,Healthy
,,3rd,,6.702,4.4,1.345,Healthy
,,3rd,,6.721,4.441,1.438,Healthy
,,3rd,,6.705,4.441,1.486,Healthy
,,3rd,,6.68,4.418,1.488,Healthy
,,3rd,,6.699,4.399,1.357,Healthy
,,3rd,,6.702,4.434,1.331,Healthy
,,3rd,,6.699,4.462,1.436,Healthy
,,3rd,,6.722,4.469,1.41,Healthy
,,3rd,,6.716,4.447,1.449,Healthy
,,3rd,,6.712,4.456,1.53,Healthy
,,3rd,,6.722,4.469,1.436,Healthy
,,3rd,,6.705,4.508,1.615,Healthy
,,3rd,,6.734,4.513,1.613,Healthy
,,3rd,,6.713,4.444,1.367,Healthy
,,3rd,,6.71,4.471,1.478,Healthy
,,3rd,,6.714,4.468,1.457,Healthy
,,3rd,,6.705,4.407,1.353,Healthy
,,3rd,,6.697,4.397,1.462,Healthy
,,3rd,,6.701,4.429,1.406,Healthy
,,3rd,,6.722,4.492,1.606,Healthy
,,3rd,,6.713,4.439,1.39,Healthy
,,3rd,,6.729,4.451,1.53,Healthy
,,3rd,,6.721,4.443,1.531,Healthy
,,3rd,,6.718,4.496,1.533,Healthy
,,3rd,,6.697,4.407,1.408,Healthy
,,3rd,,6.711,4.431,1.333,Healthy
,,3rd,,6.715,4.498,1.588,Healthy
,,3rd,,6.716,4.464,1.528,Healthy
,,3rd,,6.719,4.465,1.49,Healthy
,,3rd,,6.702,4.421,1.441,Healthy
,,3rd,,6.707,4.443,1.489,Healthy
,,3rd,,6.718,4.486,1.548,Healthy
,,3rd,,6.697,4.411,1.405,Healthy
,,3rd,,6.692,4.446,1.468,Healthy
,,3rd,,6.714,4.481,1.495,Healthy
,,3rd,,6.716,4.446,1.463,Healthy
,,3rd,,6.702,4.47,1.485,Healthy
,,3rd,,6.717,4.403,1.47,Healthy
,,3rd,,6.721,4.459,1.486,Healthy
,,3rd,,6.714,4.505,1.47,Healthy
,,3rd,,6.718,4.429,1.445,Healthy
,,3rd,,6.708,4.425,1.433,Healthy
,,3rd,,6.699,4.448,1.363,Healthy
,,3rd,,6.715,4.44,1.395,Healthy
,,3rd,,6.712,4.403,1.401,Healthy
,,3rd,,6.696,4.429,1.379,Healthy
,,3rd,,6.705,4.44,1.413,Healthy
,,3rd,,6.709,4.4,1.429,Healthy
,,3rd,,6.728,4.539,1.645,Healthy
,,3rd,,6.718,4.407,1.496,Healthy
,,3rd,,6.718,4.44,1.537,Healthy
,,3rd,,6.707,4.424,1.46,Healthy
,,3rd,,6.699,4.449,1.408,Healthy
,,3rd,,6.699,4.4,1.43,Healthy
,,3rd,,6.704,4.396,1.346,Healthy
,,3rd,,6.71,4.409,1.34,Healthy
,,3rd,,6.731,4.451,1.473,Healthy
,,3rd,,6.706,4.423,1.466,Healthy
,,3rd,,6.719,4.447,1.406,Healthy
,,3rd,,6.723,4.458,1.599,Healthy
,,3rd,,6.688,4.41,1.507,Healthy
,,3rd,,6.706,4.429,1.456,Healthy
,,3rd,,6.704,4.423,1.408,Healthy
,,3rd,,6.704,4.461,1.52,Healthy
,,3rd,,6.713,4.465,1.488,Healthy
,,3rd,,6.702,4.412,1.408,Healthy
,,3rd,,6.699,4.411,1.373,Healthy
,,3rd,,6.731,4.403,1.399,Healthy
,,3rd,,6.996,5.532,3.686,Subclinical
,,3rd,,6.915,5.197,3.126,Subclinical
,,3rd,,6.92,5.189,3.303,Subclinical
,,3rd,,6.885,5.579,3.886,Subclinical
,,3rd,,6.921,5.248,3.286,Subclinical
,,3rd,,6.933,5.698,3.627,Subclinical
,,3rd,,6.791,5.16,3.478,Subclinical
,,3rd,,6.831,5.16,3.422,Subclinical
,,3rd,,6.906,5.154,3.508,Subclinical
,,3rd,,6.89,4.985,3.04,Subclinical
,,3rd,,6.973,5.571,3.616,Subclinical
,,3rd,,6.888,5.16,3.247,Subclinical
,,3rd,,6.888,4.863,3.142,Subclinical
,,3rd,,6.894,5.388,3.49,Subclinical
,,3rd,,6.95,5.654,3.772,Subclinical
,,3rd,,6.934,5.367,3.372,Subclinical
,,3rd,,6.947,5.71,3.71,Subclinical
,,3rd,,7.006,5.246,3.309,Subclinical
,,3rd,,6.953,5.458,3.708,Subclinical
,,3rd,,6.909,5.146,3.352,Subclinical
,,3rd,,6.833,4.921,3.369,Subclinical
,,3rd,,6.954,5.479,3.341,Subclinical
,,3rd,,6.892,5.039,3.468,Subclinical
,,3rd,,6.881,5.039,3.322,Subclinical
,,3rd,,6.878,5.514,3.461,Subclinical
,,3rd,,6.84,4.745,3.159,Subclinical
,,3rd,,6.882,4.978,3.436,Subclinical
,,3rd,,6.943,5.382,3.674,Subclinical
,,3rd,,6.943,5.233,3.301,Subclinical
,,3rd,,6.951,5.479,3.575,Subclinical
,,3rd,,6.868,5.326,3.363,Subclinical
,,3rd,,6.905,5.569,3.505,Subclinical
,,3rd,,6.831,4.931,3.376,Subclinical
,,3rd,,6.923,5.315,3.403,Subclinical
,,3rd,,6.934,5.207,3.453,Subclinical
,,3rd,,6.873,5.057,3.247,Subclinical
,,3rd,,6.891,5.257,3.459,Subclinical
,,3rd,,6.726,4.732,3.079,Subclinical
,,3rd,,6.985,5.282,3.485,Subclinical
,,3rd,,6.985,5.237,3.492,Subclinical
,,3rd,,6.87,5.123,3.257,Subclinical
,,3rd,,6.873,5.735,3.766,Subclinical
,,3rd,,6.965,5.53,3.383,Subclinical
,,3rd,,6.93,5.556,3.481,Subclinical
,,3rd,,6.958,5.553,3.823,Subclinical
,,3rd,,6.889,5.056,3.284,Subclinical
,,3rd,,6.982,5.134,3.134,Subclinical
,,3rd,,6.914,5.238,3.426,Subclinical
,,3rd,,6.957,5.316,3.242,Subclinical
,,3rd,,7.012,5.36,3.379,Subclinical
,,3rd,,6.965,5.366,3.494,Subclinical
,,3rd,,6.934,5.569,3.553,Subclinical
,,3rd,,6.986,5.086,3.463,Subclinical
,,3rd,,6.868,5.47,3.546,Subclinical
,,3rd,,6.876,5.356,3.585,Subclinical
,,3rd,,6.942,5.192,3.349,Subclinical
,,3rd,,6.91,5.302,3.549,Subclinical
,,3rd,,6.809,5.139,3.314,Subclinical
,,3rd,,6.868,5.074,3.306,Subclinical
,,3rd,,6.73,4.762,3.035,Subclinical
,,3rd,,6.937,5.221,3.396,Subclinical
,,3rd,,6.987,5.675,3.772,Subclinical
,,3rd,,6.885,5.354,3.446,Subclinical
,,3rd,,6.9,5.364,3.41,Subclinical
,,3rd,,6.985,5.453,3.626,Subclinical
,,3rd,,6.983,5.671,3.482,Subclinical
,,3rd,,6.932,5.521,3.681,Subclinical
,,3rd,,6.854,5.058,3.445,Subclinical
,,3rd,,6.872,5.166,3.575,Subclinical
,,3rd,,6.908,5.168,3.28,Subclinical
,,3rd,,6.927,5.099,3.329,Subclinical
,,3rd,,6.927,5.592,3.686,Subclinical
,,3rd,,6.874,5.448,3.482,Subclinical
,,3rd,,6.848,5.135,3.537,Subclinical
,,3rd,,6.918,5.331,3.676,Subclinical
,,3rd,,6.838,4.904,3.04,Subclinical
,,3rd,,6.929,5.384,3.693,Subclinical
,,3rd,,6.922,5.263,3.44,Subclinical
,,3rd,,6.916,5.011,3.651,Subclinical
,,3rd,,6.936,5.409,3.592,Subclinical
,,3rd,,6.945,5.366,3.418,Subclinical
,,3rd,,6.94,5.452,3.437,Subclinical
,,3rd,,6.981,5.529,3.677,Subclinical
,,3rd,,6.98,5.475,3.599,Subclinical
,,3rd,,6.951,5.268,3.456,Subclinical
,,3rd,,6.916,5.146,3.668,Subclinical
,,3rd,,6.84,4.904,3.405,Subclinical
,,3rd,,6.946,5.201,3.49,Subclinical
,,3rd,,6.983,5.474,3.883,Subclinical
,,3rd,,6.824,5.24,3.549,Subclinical
,,3rd,,6.955,5.375,3.467,Subclinical
,,3rd,,6.932,5.514,3.641,Subclinical
,,3rd,,6.962,5.24,3.41,Subclinical
,,3rd,,6.863,5.129,3.485,Subclinical
,,3rd,,6.915,5.81,3.733,Subclinical
,,3rd,,6.913,5.337,3.395,Subclinical
,,3rd,,6.907,5.514,3.574,Subclinical
,,3rd,,6.87,5.045,3.263,Subclinical
,,3rd,,6.914,5.542,3.409,Subclinical
,,3rd,,6.894,5.3,3.223,Subclinical
,,3rd,,7.055,6.156,24.581,Clinical
,,3rd,,7.086,6.391,28.101,Clinical
,,3rd,,7.093,6.806,39.01,Clinical
,,3rd,,7.022,6.275,27.334,Clinical
,,3rd,,7.085,6.338,29.492,Clinical
,,3rd,,7.085,6.301,26.126,Clinical
,,3rd,,7.067,6.391,31.285,Clinical
,,3rd,,7.106,6.407,30.918,Clinical
,,3rd,,7.109,6.759,33.707,Clinical
,,3rd,,7.073,6.411,26.449,Clinical
,,3rd,,7.074,6.528,32.941,Clinical
,,3rd,,7.072,6.41,27.377,Clinical
,,3rd,,7.101,6.473,29.94,Clinical
,,3rd,,7.069,6.341,27.718,Clinical
,,3rd,,7.1,6.402,34.642,Clinical
,,3rd,,7.124,6.403,30.432,Clinical
,,3rd,,7.06,6.251,33.838,Clinical
,,3rd,,7.071,6.435,31.622,Clinical
,,3rd,,7.05,6.099,22.725,Clinical
,,3rd,,7.053,5.706,23.693,Clinical
,,3rd,,7.142,6.689,29.315,Clinical
,,3rd,,7.061,6.225,24.727,Clinical
,,3rd,,7.106,6.674,29.557,Clinical
,,3rd,,7.102,6.803,39.842,Clinical
,,3rd,,7.166,6.578,40.77,Clinical
,,3rd,,7.069,6.234,28.845,Clinical
,,3rd,,7.063,6.408,25.81,Clinical
,,3rd,,7.073,6.632,31.999,Clinical
,,3rd,,7.084,6.515,34.452,Clinical
,,3rd,,7.03,6.31,27.527,Clinical
,,3rd,,7.085,6.637,28.847,Clinical
,,3rd,,7.05,5.877,22.276,Clinical
,,3rd,,7.12,6.543,27.764,Clinical
,,3rd,,7.065,6.035,22.431,Clinical
,,3rd,,7.092,6.209,31.099,Clinical
,,3rd,,7.078,6.408,29.015,Clinical
,,3rd,,7.103,6.657,33.716,Clinical
,,3rd,,7.097,6.428,31.813,Clinical
,,3rd,,7.07,6.358,28.406,Clinical
,,3rd,,7.066,6.202,28.877,Clinical
,,3rd,,7.119,6.804,30.788,Clinical
,,3rd,,7.119,6.498,32.944,Clinical
,,3rd,,7.053,6.315,29.497,Clinical
,,3rd,,7.035,6.337,32.581,Clinical
,,3rd,,7.075,6.656,31.879,Clinical
,,3rd,,7.105,6.054,33.404,Clinical
,,3rd,,7.125,6.531,25.829,Clinical
,,3rd,,7.089,6.142,28.392,Clinical
,,3rd,,7.092,6.26,31.667,Clinical
,,3rd,,7.104,6.701,33.234,Clinical
,,3rd,,7.038,6.421,28.77,Clinical
,,3rd,,7.038,6.501,36.56,Clinical
,,3rd,,7.079,6.836,34.659,Clinical
,,3rd,,7.069,6.223,32.552,Clinical
,,3rd,,7.057,6.452,28.442,Clinical
,,3rd,,7.066,6.552,30.134,Clinical
,,3rd,,7.068,6.58,36.234,Clinical
,,3rd,,7.099,6.348,27.901,Clinical
,,3rd,,7.082,6.476,27.7,Clinical
,,3rd,,7.102,6.509,26.115,Clinical
,,3rd,,7.052,6.18,26.922,Clinical
,,3rd,,7.137,6.687,30.925,Clinical
,,3rd,,7.087,6.356,30.306,Clinical
,,3rd,,7.097,6.72,33.276,Clinical
,,3rd,,7.129,6.792,32.361,Clinical
,,3rd,,7.146,6.746,31.662,Clinical
,,3rd,,7.13,7.033,36.903,Clinical
,,3rd,,7.065,6.301,30.648,Clinical
,,3rd,,7.118,6.678,33.4,Clinical
,,3rd,,7.125,6.525,34.558,Clinical
,,3rd,,7.071,6.452,29.892,Clinical
,,3rd,,7.078,6.316,32.781,Clinical
,,3rd,,7.058,6.156,33.149,Clinical
,,3rd,,7.109,6.037,24.522,Clinical
,,3rd,,7.026,5.977,15.53,Clinical
,,3rd,,7.076,6.15,27.224,Clinical
,,3rd,,7.031,6.212,26.055,Clinical
,,3rd,,7.125,6.878,37.599,Clinical
,,3rd,,7.07,6.764,29.001,Clinical
,,3rd,,7.038,6.206,33.865,Clinical
,,3rd,,7.074,6.337,24.81,Clinical
,,3rd,,7.108,6.714,35.698,Clinical
,,3rd,,7.061,6.176,23.404,Clinical
,,3rd,,7.083,6.19,24.101,Clinical
,,3rd,,7.067,6.247,26.425,Clinical
,,3rd,,7.094,6.475,29.856,Clinical
,,3rd,,7.085,6.221,28.211,Clinical
,,3rd,,7.085,6.112,29.649,Clinical
,,3rd,,7.054,6.307,31.914,Clinical
,,3rd,,7.108,6.524,30.296,Clinical
,,3rd,,7.108,6.657,30.977,Clinical
,,3rd,,7.056,5.877,24.393,Clinical
,,3rd,,7.078,6.621,33.148,Clinical
,,3rd,,7.12,6.426,33.765,Clinical
,,3rd,,7.064,6.492,26.315,Clinical
,,3rd,,7.087,6.025,25.045,Clinical
,,3rd,,7.093,6.349,26.277,Clinical
,,3rd,,7.105,6.486,29.494,Clinical
,,3rd,,7.081,6.943,38.943,Clinical
,,3rd,,7.115,6.636,33.106,Clinical
,,4th and above,,6.102,4.298,1.388,Healthy
,,4th and above,,6.139,4.291,1.319,Healthy
,,4th and above,,6.267,4.424,1.564,Healthy
,,4th and above,,6.299,4.36,1.384,Healthy
,,4th and above,,6.147,4.29,1.366,Healthy
,,4th and above,,6.259,4.343,1.468,Healthy
,,4th and above,,6.254,4.384,1.535,Healthy
,,4th and above,,6.187,4.377,1.474,Healthy
,,4th and above,,6.247,4.419,1.549,Healthy
,,4th and above,,6.204,4.357,1.473,Healthy
,,4th and above,,6.251,4.408,1.515,Healthy
,,4th and above,,6.398,4.373,1.48,Healthy
,,4th and above,,6.206,4.392,1.416,Healthy
,,4th and above,,6.294,4.372,1.446,Healthy
,,4th and above,,6.169,4.332,1.487,Healthy
,,4th and above,,6.268,4.416,1.583,Healthy
,,4th and above,,6.288,4.373,1.499,Healthy
,,4th and above,,6.232,4.354,1.393,Healthy
,,4th and above,,6.335,4.398,1.508,Healthy
,,4th and above,,6.197,4.381,1.445,Healthy
,,4th and above,,6.26,4.424,1.55,Healthy
,,4th and above,,6.268,4.314,1.563,Healthy
,,4th and above,,6.392,4.467,1.524,Healthy
,,4th and above,,6.262,4.364,1.525,Healthy
,,4th and above,,6.288,4.364,1.45,Healthy
,,4th and above,,6.348,4.488,1.637,Healthy
,,4th and above,,6.323,4.399,1.358,Healthy
,,4th and above,,6.291,4.398,1.503,Healthy
,,4th and above,,6.274,4.335,1.472,Healthy
,,4th and above,,6.314,4.436,1.569,Healthy
,,4th and above,,6.312,4.388,1.488,Healthy
,,4th and above,,6.276,4.397,1.54,Healthy
,,4th and above,,6.315,4.495,1.671,Healthy
,,4th and above,,6.276,4.229,1.421,Healthy
,,4th and above,,6.232,4.342,1.433,Healthy
,,4th and above,,6.239,4.404,1.431,Healthy
,,4th and above,,6.195,4.376,1.502,Healthy
,,4th and above,,6.315,4.373,1.437,Healthy
,,4th and above,,6.235,4.387,1.551,Healthy
,,4th and above,,6.127,4.327,1.374,Healthy
,,4th and above,,6.154,4.388,1.505,Healthy
,,4th and above,,6.301,4.441,1.51,Healthy
,,4th and above,,6.24,4.472,1.54,Healthy
,,4th and above,,6.321,4.41,1.427,Healthy
,,4th and above,,6.127,4.312,1.467,Healthy
,,4th and above,,6.325,4.45,1.496,Healthy
,,4th and above,,6.383,4.391,1.508,Healthy
,,4th and above,,6.269,4.382,1.543,Healthy
,,4th and above,,6.221,4.314,1.429,Healthy
,,4th and above,,6.242,4.523,1.62,Healthy
,,4th and above,,6.241,4.334,1.363,Healthy
,,4th and above,,6.198,4.368,1.531,Healthy
,,4th and above,,6.349,4.429,1.511,Healthy
,,4th and above,,6.289,4.375,1.555,Healthy
,,4th and above,,6.257,4.381,1.385,Healthy
,,4th and above,,6.256,4.42,1.466,Healthy
,,4th and above,,6.217,4.404,1.433,Healthy
,,4th and above,,6.344,4.395,1.482,Healthy
,,4th and above,,6.191,4.377,1.583,Healthy
,,4th and above,,6.325,4.374,1.531,Healthy
,,4th and above,,6.248,4.44,1.562,Healthy
,,4th and above,,6.064,4.27,1.426,Healthy
,,4th and above,,6.281,4.35,1.433,Healthy
,,4th and above,,6.137,4.336,1.537,Healthy
,,4th and above,,6.326,4.504,1.62,Healthy
,,4th and above,,6.342,4.501,1.596,Healthy
,,4th and above,,6.257,4.429,1.583,Healthy
,,4th and above,,6.236,4.347,1.461,Healthy
,,4th and above,,6.328,4.446,1.474,Healthy
,,4th and above,,6.404,4.413,1.505,Healthy
,,4th and above,,6.207,4.481,1.566,Healthy
,,4th and above,,6.21,4.404,1.531,Healthy
,,4th and above,,6.257,4.421,1.477,Healthy
,,4th and above,,6.235,4.292,1.354,Healthy
,,4th and above,,6.397,4.507,1.591,Healthy
,,4th and above,,6.386,4.427,1.515,Healthy
,,4th and above,,6.274,4.386,1.478,Healthy
,,4th and above,,6.35,4.426,1.554,Healthy
,,4th and above,,6.342,4.434,1.486,Healthy
,,4th and above,,6.175,4.361,1.454,Healthy
,,4th and above,,6.276,4.392,1.605,Healthy
,,4th and above,,6.177,4.27,1.407,Healthy
,,4th and above,,6.244,4.394,1.517,Healthy
,,4th and above,,6.36,4.36,1.448,Healthy
,,4th and above,,6.3,4.434,1.622,Healthy
,,4th and above,,6.337,4.413,1.473,Healthy
,,4th and above,,6.23,4.35,1.485,Healthy
,,4th and above,,6.288,4.34,1.434,Healthy
,,4th and above,,6.331,4.428,1.548,Healthy
,,4th and above,,6.297,4.469,1.563,Healthy
,,4th and above,,6.243,4.341,1.462,Healthy
,,4th and above,,6.099,4.318,1.415,Healthy
,,4th and above,,6.174,4.315,1.462,Healthy
,,4th and above,,6.286,4.4,1.512,Healthy
,,4th and above,,6.276,4.445,1.538,Healthy
,,4th and above,,6.168,4.421,1.524,Healthy
,,4th and above,,6.229,4.321,1.452,Healthy
,,4th and above,,6.262,4.454,1.523,Healthy
,,4th and above,,6.211,4.406,1.539,Healthy
,,4th and above,,6.282,4.423,1.515,Healthy
,,4th and above,,6.772,4.975,3.841,Subclinical
,,4th and above,,6.752,4.972,3.593,Subclinical
,,4th and above,,6.863,4.915,3.65,Subclinical
,,4th and above,,6.758,4.924,3.78,Subclinical
,,4th and above,,6.707,4.917,3.631,Subclinical
,,4th and above,,6.775,4.934,3.727,Subclinical
,,4th and above,,6.733,4.901,3.678,Subclinical
,,4th and above,,6.807,4.93,3.647,Subclinical
,,4th and above,,6.791,4.942,3.803,Subclinical
,,4th and above,,6.715,4.85,3.52,Subclinical
,,4th and above,,6.722,4.911,3.619,Subclinical
,,4th and above,,6.797,4.936,3.738,Subclinical
,,4th and above,,6.768,4.94,3.727,Subclinical
,,4th and above,,6.786,4.914,3.798,Subclinical
,,4th and above,,6.748,4.88,3.636,Subclinical
,,4th and above,,6.717,4.935,3.889,Subclinical
,,4th and above,,6.721,4.925,3.553,Subclinical
,,4th and above,,6.783,4.909,3.627,Subclinical
,,4th and above,,6.705,4.932,3.785,Subclinical
,,4th and above,,6.761,4.901,3.787,Subclinical
,,4th and above,,6.722,4.841,3.584,Subclinical
,,4th and above,,6.705,4.94,3.689,Subclinical
,,4th and above,,6.79,4.99,3.724,Subclinical
,,4th and above,,6.732,4.916,3.804,Subclinical
,,4th and above,,6.727,4.896,3.683,Subclinical
,,4th and above,,6.731,4.923,3.568,Subclinical
,,4th and above,,6.871,4.931,3.704,Subclinical
,,4th and above,,6.758,4.994,3.716,Subclinical
,,4th and above,,6.859,4.997,3.879,Subclinical
,,4th and above,,6.711,4.929,3.641,Subclinical
,,4th and above,,6.823,4.924,3.7,Subclinical
,,4th and above,,6.732,4.885,3.685,Subclinical
,,4th and above,,6.787,4.982,3.663,Subclinical
,,4th and above,,6.813,5.038,3.872,Subclinical
,,4th and above,,6.855,4.961,3.67,Subclinical
,,4th and above,,6.745,4.959,3.691,Subclinical
,,4th and above,,6.73,4.938,3.719,Subclinical
,,4th and above,,6.789,4.95,3.789,Subclinical
,,4th and above,,6.738,4.929,3.63,Subclinical
,,4th and above,,6.824,4.936,3.821,Subclinical
,,4th and above,,6.748,4.932,3.672,Subclinical
,,4th and above,,6.709,4.849,3.475,Subclinical
,,4th and above,,6.744,4.93,3.789,Subclinical
,,4th and above,,6.738,4.891,3.521,Subclinical
,,4th and above,,6.784,4.987,3.916,Subclinical
,,4th and above,,6.795,4.967,3.917,Subclinical
,,4th and above,,6.777,4.959,3.738,Subclinical
,,4th and above,,6.692,4.878,3.607,Subclinical
,,4th and above,,6.763,4.997,3.835,Subclinical
,,4th and above,,6.819,4.94,3.712,Subclinical
,,4th and above,,6.694,4.877,3.648,Subclinical
,,4th and above,,6.76,4.962,3.781,Subclinical
,,4th and above,,6.742,4.996,3.815,Subclinical
,,4th and above,,6.818,4.941,3.796,Subclinical
,,4th and above,,6.806,4.957,3.575,Subclinical
,,4th and above,,6.761,4.972,3.827,Subclinical
,,4th and above,,6.782,4.881,3.569,Subclinical
,,4th and above,,6.781,4.953,3.851,Subclinical
,,4th and above,,6.753,4.941,3.729,Subclinical
,,4th and above,,6.711,4.832,3.565,Subclinical
,,4th and above,,6.769,4.913,3.551,Subclinical
,,4th and above,,6.791,4.934,3.767,Subclinical
,,4th and above,,6.853,4.896,3.61,Subclinical
,,4th and above,,6.75,4.975,3.656,Subclinical
,,4th and above,,6.857,4.975,3.798,Subclinical
,,4th and above,,6.75,4.911,3.759,Subclinical
,,4th and above,,6.707,4.919,3.651,Subclinical
,,4th and above,,6.722,5.002,3.864,Subclinical
,,4th and above,,6.791,4.982,3.691,Subclinical
,,4th and above,,6.848,4.882,3.577,Subclinical
,,4th and above,,6.737,4.94,3.742,Subclinical
,,4th and above,,6.752,4.926,3.623,Subclinical
,,4th and above,,6.685,4.923,3.742,Subclinical
,,4th and above,,6.839,4.936,3.79,Subclinical
,,4th and above,,6.746,4.965,3.851,Subclinical
,,4th and above,,6.771,4.923,3.777,Subclinical
,,4th and above,,6.792,4.92,3.591,Subclinical
,,4th and above,,6.746,4.975,3.88,Subclinical
,,4th and above,,6.704,4.867,3.692,Subclinical
,,4th and above,,6.703,4.923,3.64,Subclinical
,,4th and above,,6.841,4.938,3.829,Subclinical
,,4th and above,,6.769,4.942,3.575,Subclinical
,,4th and above,,6.65,4.876,3.617,Subclinical
,,4th and above,,6.704,4.869,3.639,Subclinical
,,4th and above,,6.788,4.937,3.79,Subclinical
,,4th and above,,6.701,4.893,3.768,Subclinical
,,4th and above,,6.763,4.936,3.906,Subclinical
,,4th and above,,6.69,4.928,3.828,Subclinical
,,4th and above,,6.744,4.952,3.668,Subclinical
,,4th and above,,6.726,4.929,3.766,Subclinical
,,4th and above,,6.816,5.007,3.849,Subclinical
,,4th and above,,6.82,4.943,3.816,Subclinical
,,4th and above,,6.77,4.95,3.78,Subclinical
,,4th and above,,6.68,4.858,3.578,Subclinical
,,4th and above,,6.676,4.923,3.754,Subclinical
,,4th and above,,6.776,4.899,3.769,Subclinical
,,4th and above,,6.862,4.978,3.852,Subclinical
,,4th and above,,6.77,4.952,3.741,Subclinical
,,4th and above,,6.758,4.96,3.951,Subclinical
,,4th and above,,6.69,4.897,3.546,Subclinical
,,4th and above,,7.026,5.734,22.57,Clinical
,,4th and above,,7.016,5.837,26.729,Clinical
,,4th and above,,7.012,5.742,26.118,Clinical
,,4th and above,,7.001,5.671,22.518,Clinical
,,4th and above,,6.998,5.647,24.071,Clinical
,,4th and above,,7.016,5.769,24.998,Clinical
,,4th and above,,7.015,5.682,23.041,Clinical
,,4th and above,,7.012,5.734,24.608,Clinical
,,4th and above,,7.009,5.682,27.331,Clinical
,,4th and above,,7.019,5.768,24.544,Clinical
,,4th and above,,7.005,5.686,23.737,Clinical
,,4th and above,,6.991,5.547,20.211,Clinical
,,4th and above,,7.012,5.703,25.592,Clinical
,,4th and above,,6.995,5.611,23.971,Clinical
,,4th and above,,7.011,5.768,27.311,Clinical
,,4th and above,,7.003,5.679,22.884,Clinical
,,4th and above,,6.99,5.62,23.246,Clinical
,,4th and above,,7.015,5.767,24.299,Clinical
,,4th and above,,7.003,5.761,23.909,Clinical
,,4th and above,,7.013,5.731,26.01,Clinical
,,4th and above,,7.02,5.669,21.79,Clinical
,,4th and above,,7.016,5.727,23.586,Clinical
,,4th and above,,7.02,5.759,24.769,Clinical
,,4th and above,,7.018,5.716,25.983,Clinical
,,4th and above,,7.002,5.72,25.672,Clinical
,,4th and above,,6.996,5.639,23.952,Clinical
,,4th and above,,7.022,5.742,23.543,Clinical
,,4th and above,,7.02,5.816,24.128,Clinical
,,4th and above,,6.998,5.679,23.962,Clinical
,,4th and above,,7.007,5.739,23.341,Clinical
,,4th and above,,6.989,5.607,21.998,Clinical
,,4th and above,,7.007,5.631,20.246,Clinical
,,4th and above,,7.005,5.745,25.867,Clinical
,,4th and above,,7.022,5.705,22.435,Clinical
,,4th and above,,7.015,5.766,25.259,Clinical
,,4th and above,,6.99,5.584,21.537,Clinical
,,4th and above,,7.015,5.774,25.054,Clinical
,,4th and above,,7.013,5.727,24.986,Clinical
,,4th and above,,7.013,5.725,23.755,Clinical
,,4th and above,,7.011,5.742,24.658,Clinical
,,4th and above,,7.014,5.804,25.67,Clinical
,,4th and above,,7.004,5.739,22.46,Clinical
,,4th and above,,6.999,5.69,24.01,Clinical
,,4th and above,,6.998,5.641,21.809,Clinical
,,4th and above,,7.005,5.748,25.238,Clinical
,,4th and above,,7.01,5.677,21.588,Clinical
,,4th and above,,7.024,5.798,24.479,Clinical
,,4th and above,,7.017,5.732,23.892,Clinical
,,4th and above,,7.014,5.682,22.991,Clinical
,,4th and above,,7.011,5.685,24.27,Clinical
,,4th and above,,7.029,5.734,22.331,Clinical
,,4th and above,,6.99,5.627,21.42,Clinical
,,4th and above,,7.012,5.726,22.064,Clinical
,,4th and above,,6.992,5.661,22.974,Clinical
,,4th and above,,7.006,5.596,22.551,Clinical
,,4th and above,,7.023,5.773,23.903,Clinical
,,4th and above,,7.01,5.63,23.894,Clinical
,,4th and above,,7.011,5.608,21.835,Clinical
,,4th and above,,7.015,5.707,23.479,Clinical
,,4th and above,,6.998,5.699,22.659,Clinical
,,4th and above,,6.988,5.608,23.172,Clinical
,,4th and above,,7.006,5.799,25.703,Clinical
,,4th and above,,7.013,5.715,23.843,Clinical
,,4th and above,,7.007,5.682,24.009,Clinical
,,4th and above,,7.001,5.611,20.728,Clinical
,,4th and above,,7.03,5.817,26.136,Clinical
,,4th and above,,6.999,5.708,23.499,Clinical
,,4th and above,,7.012,5.66,23.249,Clinical
,,4th and above,,7.006,5.649,23.717,Clinical
,,4th and above,,6.995,5.687,24.113,Clinical
,,4th and above,,7.001,5.629,22.14,Clinical
,,4th and above,,7.013,5.711,24.412,Clinical
,,4th and above,,7.028,5.745,22.423,Clinical
,,4th and above,,7.018,5.841,26.464,Clinical
,,4th and above,,6.999,5.663,21.518,Clinical
,,4th and above,,7.016,5.653,22.622,Clinical
,,4th and above,,7.0,5.681,22.758,Clinical
,,4th and above,,7.012,5.718,22.715,Clinical
,,4th and above,,7.016,5.73,22.964,Clinical
,,4th and above,,7.032,5.821,25.647,Clinical
,,4th and above,,7.024,5.872,26.351,Clinical
,,4th and above,,7.013,5.664,22.946,Clinical
,,4th and above,,7.008,5.714,24.261,Clinical
,,4th and above,,7.016,5.745,22.905,Clinical
,,4th and above,,7.001,5.643,22.28,Clinical
,,4th and above,,7.021,5.679,23.015,Clinical
,,4th and above,,7.02,5.727,24.782,Clinical
,,4th and above,,7.009,5.72,23.664,Clinical
,,4th and above,,7.017,5.643,22.378,Clinical
,,4th and above,,7.013,5.753,26.397,Clinical
,,4th and above,,7.006,5.784,24.089,Clinical
,,4th and above,,7.023,5.808,24.365,Clinical
,,4th and above,,7.013,5.718,24.766,Clinical
,,4th and above,,7.008,5.683,25.087,Clinical
,,4th and above,,7.009,5.756,24.23,Clinical
,,4th and above,,7.027,5.731,23.581,Clinical
,,4th and above,,7.025,5.74,26.485,Clinical
,,4th and above,,7.019,5.734,22.015,Clinical
,,4th and above,,7.01,5.715,25.36,Clinical
,,4th and above,,7.026,5.728,25.3,Clinical
,,,0-4,6.623,4.546,1.826,Healthy
,,,0-4,6.542,4.497,1.646,Healthy
,,,0-4,6.594,4.535,1.79,Healthy
,,,0-4,6.634,4.538,1.732,Healthy
,,,0-4,6.524,4.496,1.683,Healthy
,,,0-4,6.571,4.481,1.638,Healthy
,,,0-4,6.594,4.529,1.775,Healthy
,,,0-4,6.648,4.519,1.795,Healthy
,,,0-4,6.601,4.532,1.755,Healthy
,,,0-4,6.632,4.536,1.756,Healthy
,,,0-4,6.6,4.516,1.763,Healthy
,,,0-4,6.565,4.507,1.737,Healthy
,,,0-4,6.601,4.543,1.829,Healthy
,,,0-4,6.6,4.524,1.77,Healthy
,,,0-4,6.612,4.493,1.687,Healthy
,,,0-4,6.555,4.526,1.752,Healthy
,,,0-4,6.594,4.533,1.793,Healthy
,,,0-4,6.566,4.507,1.705,Healthy
,,,0-4,6.548,4.49,1.676,Healthy
,,,0-4,6.597,4.494,1.749,Healthy
,,,0-4,6.597,4.52,1.766,Healthy
,,,0-4,6.576,4.519,1.729,Healthy
,,,0-4,6.573,4.52,1.812,Healthy
,,,0-4,6.622,4.543,1.775,Healthy
,,,0-4,6.552,4.529,1.849,Healthy
,,,0-4,6.646,4.531,1.726,Healthy
,,,0-4,6.568,4.48,1.664,Healthy
,,,0-4,6.648,4.534,1.798,Healthy
,,,0-4,6.641,4.528,1.86,Healthy
,,,0-4,6.66,4.539,1.769,Healthy
,,,0-4,6.621,4.521,1.705,Healthy
,,,0-4,6.638,4.554,1.828,Healthy
,,,0-4,6.562,4.486,1.683,Healthy
,,,0-4,6.585,4.509,1.771,Healthy
,,,0-4,6.622,4.551,1.77,Healthy
,,,0-4,6.59,4.529,1.786,Healthy
,,,0-4,6.646,4.543,1.883,Healthy
,,,0-4,6.616,4.544,1.784,Healthy
,,,0-4,6.6,4.536,1.851,Healthy
,,,0-4,6.622,4.526,1.826,Healthy
,,,0-4,6.534,4.473,1.679,Healthy
,,,0-4,6.6,4.53,1.773,Healthy
,,,0-4,6.617,4.512,1.763,Healthy
,,,0-4,6.63,4.551,1.903,Healthy
,,,0-4,6.607,4.527,1.698,Healthy
,,,0-4,6.584,4.511,1.777,Healthy
,,,0-4,6.582,4.527,1.761,Healthy
,,,0-4,6.595,4.522,1.737,Healthy
,,,0-4,6.587,4.486,1.673,Healthy
,,,0-4,6.586,4.506,1.74,Healthy
,,,0-4,6.62,4.531,1.818,Healthy
,,,0-4,6.617,4.521,1.734,Healthy
,,,0-4,6.609,4.533,1.838,Healthy
,,,0-4,6.636,4.523,1.757,Healthy
,,,0-4,6.62,4.545,1.843,Healthy
,,,0-4,6.598,4.498,1.664,Healthy
,,,0-4,6.608,4.529,1.72,Healthy
,,,0-4,6.601,4.531,1.721,Healthy
,,,0-4,6.633,4.525,1.82,Healthy
,,,0-4,6.584,4.497,1.683,Healthy
,,,0-4,6.597,4.512,1.725,Healthy
,,,0-4,6.61,4.521,1.75,Healthy
,,,0-4,6.549,4.509,1.717,Healthy
,,,0-4,6.648,4.521,1.68,Healthy
,,,0-4,6.619,4.532,1.732,Healthy
,,,0-4,6.554,4.53,1.825,Healthy
,,,0-4,6.525,4.486,1.747,Healthy
,,,0-4,6.586,4.507,1.71,Healthy
,,,0-4,6.566,4.479,1.713,Healthy
,,,0-4,6.545,4.505,1.752,Healthy
,,,0-4,6.556,4.489,1.737,Healthy
,,,0-4,6.616,4.515,1.796,Healthy
,,,0-4,6.636,4.537,1.749,Healthy
,,,0-4,6.588,4.521,1.741,Healthy
,,,0-4,6.628,4.504,1.658,Healthy
,,,0-4,6.605,4.514,1.711,Healthy
,,,0-4,6.547,4.502,1.705,Healthy
,,,0-4,6.62,4.528,1.763,Healthy
,,,0-4,6.635,4.51,1.76,Healthy
,,,0-4,6.55,4.488,1.628,Healthy
,,,0-4,6.623,4.527,1.767,Healthy
,,,0-4,6.567,4.503,1.679,Healthy
,,,0-4,6.612,4.507,1.785,Healthy
,,,0-4,6.55,4.489,1.756,Healthy
,,,0-4,6.587,4.493,1.706,Healthy
,,,0-4,6.586,4.501,1.663,Healthy
,,,0-4,6.683,4.545,1.726,Healthy
,,,0-4,6.645,4.546,1.773,Healthy
,,,0-4,6.572,4.522,1.738,Healthy
,,,0-4,6.542,4.53,1.742,Healthy
,,,0-4,6.645,4.557,1.785,Healthy
,,,0-4,6.631,4.52,1.672,Healthy
,,,0-4,6.587,4.522,1.732,Healthy
,,,0-4,6.591,4.536,1.784,Healthy
,,,0-4,6.575,4.523,1.761,Healthy
,,,0-4,6.524,4.501,1.719,Healthy
,,,0-4,6.601,4.535,1.75,Healthy
,,,0-4,6.61,4.497,1.725,Healthy
,,,0-4,6.659,4.524,1.732,Healthy
,,,0-4,6.579,4.515,1.69,Healthy
,,,0-4,6.827,5.085,3.884,Subclinical
,,,0-4,6.739,4.992,3.795,Subclinical
,,,0-4,6.843,5.068,3.83,Subclinical
,,,0-4,6.851,5.196,3.842,Subclinical
,,,0-4,6.853,5.044,3.761,Subclinical
,,,0-4,6.749,4.905,3.452,Subclinical
,,,0-4,6.791,4.894,3.52,Subclinical
,,,0-4,6.794,4.988,3.49,Subclinical
,,,0-4,6.752,4.959,3.543,Subclinical
,,,0-4,6.853,5.068,3.881,Subclinical
,,,0-4,6.866,5.043,3.708,Subclinical
,,,0-4,6.845,5.08,3.795,Subclinical
,,,0-4,6.866,5.05,3.792,Subclinical
,,,0-4,6.811,4.929,3.635,Subclinical
,,,0-4,6.866,5.1,3.853,Subclinical
,,,0-4,6.804,5.018,3.823,Subclinical
,,,0-4,6.834,5.003,3.762,Subclinical
,,,0-4,6.829,4.946,3.671,Subclinical
,,,0-4,6.724,4.935,3.686,Subclinical
,,,0-4,6.84,5.005,3.764,Subclinical
,,,0-4,6.867,5.176,3.937,Subclinical
,,,0-4,6.816,5.092,3.636,Subclinical
,,,0-4,6.797,5.087,3.932,Subclinical
,,,0-4,6.825,4.902,3.59,Subclinical
,,,0-4,6.786,4.997,3.599,Subclinical
,,,0-4,6.769,4.793,3.599,Subclinical
,,,0-4,6.794,4.993,3.696,Subclinical
,,,0-4,6.767,4.853,3.394,Subclinical
,,,0-4,6.781,4.994,3.594,Subclinical
,,,0-4,6.88,5.161,4.028,Subclinical
,,,0-4,6.805,5.11,3.815,Subclinical
,,,0-4,6.809,5.012,3.811,Subclinical
,,,0-4,6.835,4.994,3.644,Subclinical
,,,0-4,6.836,5.085,3.772,Subclinical
,,,0-4,6.747,4.909,3.657,Subclinical
,,,0-4,6.882,4.994,3.672,Subclinical
,,,0-4,6.794,5.085,3.804,Subclinical
,,,0-4,6.774,5.0,3.648,Subclinical
,,,0-4,6.761,4.874,3.757,Subclinical
,,,0-4,6.825,5.026,3.716,Subclinical
,,,0-4,6.822,5.035,3.793,Subclinical
,,,0-4,6.815,5.072,3.801,Subclinical
,,,0-4,6.771,4.907,3.339,Subclinical
,,,0-4,6.891,5.162,3.828,Subclinical
,,,0-4,6.799,4.938,3.823,Subclinical
,,,0-4,6.753,4.942,3.608,Subclinical
,,,0-4,6.843,5.031,3.54,Subclinical
,,,0-4,6.8,4.914,3.612,Subclinical
,,,0-4,6.867,4.935,3.55,Subclinical
,,,0-4,6.788,4.945,3.728,Subclinical
,,,0-4,6.803,5.024,3.659,Subclinical
,,,0-4,6.819,5.07,3.707,Subclinical
,,,0-4,6.841,5.041,3.899,Subclinical
,,,0-4,6.802,5.02,3.726,Subclinical
,,,0-4,6.806,5.015,3.794,Subclinical
,,,0-4,6.76,5.051,3.524,Subclinical
,,,0-4,6.783,4.96,3.705,Subclinical
,,,0-4,6.873,4.932,3.585,Subclinical
,,,0-4,6.725,4.902,3.598,Subclinical
,,,0-4,6.874,5.085,3.962,Subclinical
,,,0-4,6.833,4.994,3.535,Subclinical
,,,0-4,6.821,4.899,3.752,Subclinical
,,,0-4,6.804,5.084,3.75,Subclinical
,,,0-4,6.821,5.029,3.743,Subclinical
,,,0-4,6.793,5.01,3.601,Subclinical
,,,0-4,6.762,5.038,3.831,Subclinical
,,,0-4,6.813,5.131,3.835,Subclinical
,,,0-4,6.863,5.076,3.691,Subclinical
,,,0-4,6.884,5.163,3.916,Subclinical
,,,0-4,6.839,5.004,3.827,Subclinical
,,,0-4,6.714,4.809,3.57,Subclinical
,,,0-4,6.8,5.004,3.544,Subclinical
,,,0-4,6.884,5.179,3.924,Subclinical
,,,0-4,6.794,5.06,4.023,Subclinical
,,,0-4,6.848,5.211,3.863,Subclinical
,,,0-4,6.777,4.87,3.598,Subclinical
,,,0-4,6.817,4.997,3.809,Subclinical
,,,0-4,6.859,4.942,3.581,Subclinical
,,,0-4,6.843,5.003,3.625,Subclinical
,,,0-4,6.851,4.95,3.624,Subclinical
,,,0-4,6.823,4.972,3.777,Subclinical
,,,0-4,6.787,5.081,3.785,Subclinical
,,,0-4,6.837,5.089,3.748,Subclinical
,,,0-4,6.728,4.93,3.609,Subclinical
,,,0-4,6.832,5.009,3.674,Subclinical
,,,0-4,6.89,4.982,3.805,Subclinical
,,,0-4,6.787,4.947,3.599,Subclinical
,,,0-4,6.778,5.006,3.88,Subclinical
,,,0-4,6.829,5.03,3.63,Subclinical
,,,0-4,6.831,5.19,3.898,Subclinical
,,,0-4,6.795,4.939,3.571,Subclinical
,,,0-4,6.7,4.901,3.451,Subclinical
,,,0-4,6.746,4.981,3.533,Subclinical
,,,0-4,6.796,5.096,3.647,Subclinical
,,,0-4,6.749,4.948,3.771,Subclinical
,,,0-4,6.747,4.957,3.71,Subclinical
,,,0-4,6.728,4.964,3.749,Subclinical
,,,0-4,6.798,5.081,3.945,Subclinical
,,,0-4,6.814,4.97,3.554,Subclinical
,,,0-4,6.808,5.042,3.72,Subclinical
,,,0-4,6.946,5.902,26.647,Clinical
,,,0-4,6.982,5.963,29.556,Clinical
,,,0-4,6.934,5.8,22.99,Clinical
,,,0-4,7.0,5.947,28.225,Clinical
,,,0-4,6.98,5.724,23.775,Clinical
,,,0-4,6.998,6.018,26.524,Clinical
,,,0-4,7.011,5.909,27.439,Clinical
,,,0-4,6.98,5.899,27.841,Clinical
,,,0-4,6.965,5.788,25.356,Clinical
,,,0-4,7.038,5.963,30.688,Clinical
,,,0-4,7.03,6.007,27.862,Clinical
,,,0-4,6.976,5.868,24.17,Clinical
,,,0-4,6.988,6.033,27.442,Clinical
,,,0-4,6.985,5.753,25.333,Clinical
,,,0-4,6.995,5.929,26.76,Clinical
,,,0-4,6.984,5.937,27.046,Clinical
,,,0-4,6.996,5.945,28.862,Clinical
,,,0-4,7.004,5.962,29.688,Clinical
,,,0-4,6.998,6.043,29.364,Clinical
,,,0-4,6.953,5.924,26.891,Clinical
,,,0-4,6.989,5.931,26.556,Clinical
,,,0-4,6.995,5.872,28.154,Clinical
,,,0-4,6.988,5.871,24.983,Clinical
,,,0-4,6.995,5.94,27.753,Clinical
,,,0-4,6.969,5.72,25.168,Clinical
,,,0-4,7.02,5.901,29.146,Clinical
,,,0-4,6.996,5.924,26.445,Clinical
,,,0-4,6.962,5.921,25.628,Clinical
,,,0-4,6.974,5.953,24.544,Clinical
,,,0-4,6.96,5.828,25.972,Clinical
,,,0-4,7.0,5.91,30.448,Clinical
,,,0-4,6.985,5.878,25.234,Clinical
,,,0-4,6.992,5.969,29.246,Clinical
,,,0-4,6.96,5.811,25.977,Clinical
,,,0-4,7.002,5.941,28.035,Clinical
,,,0-4,6.974,6.0,29.198,Clinical
,,,0-4,6.963,5.748,23.097,Clinical
,,,0-4,7.004,5.836,25.505,Clinical
,,,0-4,6.999,5.928,27.45,Clinical
,,,0-4,6.969,5.905,25.698,Clinical
,,,0-4,6.984,5.913,26.928,Clinical
,,,0-4,6.99,5.847,25.592,Clinical
,,,0-4,6.99,5.793,24.684,Clinical
,,,0-4,6.998,5.822,27.392,Clinical
,,,0-4,7.015,5.871,28.414,Clinical
,,,0-4,6.987,5.938,26.413,Clinical
,,,0-4,7.008,5.993,26.799,Clinical
,,,0-4,6.967,5.725,24.586,Clinical
,,,0-4,7.001,5.995,27.766,Clinical
,,,0-4,6.967,5.791,26.783,Clinical
,,,0-4,6.98,5.897,25.029,Clinical
,,,0-4,6.997,5.889,28.06,Clinical
,,,0-4,7.005,5.909,26.704,Clinical
,,,0-4,6.979,5.76,23.635,Clinical
,,,0-4,6.994,5.948,27.502,Clinical
,,,0-4,6.984,5.973,27.625,Clinical
,,,0-4,7.004,5.796,19.913,Clinical
,,,0-4,6.996,5.804,25.211,Clinical
,,,0-4,6.984,6.029,28.793,Clinical
,,,0-4,6.993,5.99,28.329,Clinical
,,,0-4,6.981,5.977,25.982,Clinical
,,,0-4,6.996,5.795,25.703,Clinical
,,,0-4,6.994,6.063,26.493,Clinical
,,,0-4,6.978,5.948,27.655,Clinical
,,,0-4,6.994,5.838,25.086,Clinical
,,,0-4,7.015,5.971,28.261,Clinical
,,,0-4,6.988,5.803,26.774,Clinical
,,,0-4,7.0,6.133,28.184,Clinical
,,,0-4,7.006,5.842,26.285,Clinical
,,,0-4,7.01,5.785,25.09,Clinical
,,,0-4,6.979,5.821,26.146,Clinical
,,,0-4,7.012,5.958,27.834,Clinical
,,,0-4,6.992,5.916,25.337,Clinical
,,,0-4,7.012,5.993,28.546,Clinical
,,,0-4,6.974,5.829,25.412,Clinical
,,,0-4,6.959,5.686,22.932,Clinical
,,,0-4,7.0,5.882,25.072,Clinical
,,,0-4,6.974,5.828,25.158,Clinical
,,,0-4,7.033,6.114,31.084,Clinical
,,,0-4,7.013,5.887,24.933,Clinical
,,,0-4,6.968,5.965,26.54,Clinical
,,,0-4,6.965,5.808,24.999,Clinical
,,,0-4,6.995,5.945,26.094,Clinical
,,,0-4,7.004,5.892,26.44,Clinical
,,,0-4,7.004,5.892,25.852,Clinical
,,,0-4,7.002,5.868,25.81,Clinical
,,,0-4,7.001,6.114,30.261,Clinical
,,,0-4,6.999,5.98,26.204,Clinical
,,,0-4,6.992,5.914,27.307,Clinical
,,,0-4,6.992,5.948,26.842,Clinical
,,,0-4,6.991,5.809,25.087,Clinical
,,,0-4,7.018,6.01,28.206,Clinical
,,,0-4,7.028,5.894,25.291,Clinical
,,,0-4,7.024,6.004,27.86,Clinical
,,,0-4,6.966,5.885,27.079,Clinical
,,,0-4,6.968,5.84,25.293,Clinical
,,,0-4,6.995,5.828,27.589,Clinical
,,,0-4,7.008,5.927,26.83,Clinical
,,,0-4,6.987,5.837,25.23,Clinical
,,,0-4,6.985,6.033,29.62,Clinical
,,,5-10,6.465,4.434,1.456,Healthy
,,,5-10,6.397,4.434,1.445,Healthy
,,,5-10,6.445,4.479,1.608,Healthy
,,,5-10,6.499,4.438,1.554,Healthy
,,,5-10,6.35,4.419,1.507,Healthy
,,,5-10,6.42,4.448,1.496,Healthy
,,,5-10,6.387,4.409,1.423,Healthy
,,,5-10,6.416,4.37,1.465,Healthy
,,,5-10,6.403,4.397,1.418,Healthy
,,,5-10,6.384,4.424,1.511,Healthy
,,,5-10,6.351,4.377,1.454,Healthy
,,,5-10,6.349,4.4,1.46,Healthy
,,,5-10,6.422,4.437,1.45,Healthy
,,,5-10,6.266,4.365,1.483,Healthy
,,,5-10,6.542,4.489,1.571,Healthy
,,,5-10,6.275,4.322,1.323,Healthy
,,,5-10,6.386,4.44,1.546,Healthy
,,,5-10,6.416,4.391,1.404,Healthy
,,,5-10,6.418,4.432,1.516,Healthy
,,,5-10,6.328,4.41,1.484,Healthy
,,,5-10,6.325,4.373,1.448,Healthy
,,,5-10,6.384,4.447,1.538,Healthy
,,,5-10,6.366,4.402,1.46,Healthy
,,,5-10,6.349,4.375,1.453,Healthy
,,,5-10,6.459,4.439,1.577,Healthy
,,,5-10,6.362,4.444,1.472,Healthy
,,,5-10,6.329,4.349,1.368,Healthy
,,,5-10,6.365,4.415,1.485,Healthy
,,,5-10,6.316,4.381,1.411,Healthy
,,,5-10,6.276,4.357,1.36,Healthy
,,,5-10,6.5,4.438,1.541,Healthy
,,,5-10,6.295,4.417,1.529,Healthy
,,,5-10,6.26,4.36,1.419,Healthy
,,,5-10,6.445,4.403,1.45,Healthy
,,,5-10,6.358,4.403,1.511,Healthy
,,,5-10,6.346,4.423,1.449,Healthy
,,,5-10,6.341,4.418,1.516,Healthy
,,,5-10,6.46,4.39,1.428,Healthy
,,,5-10,6.458,4.424,1.445,Healthy
,,,5-10,6.432,4.399,1.537,Healthy
,,,5-10,6.508,4.45,1.588,Healthy
,,,5-10,6.405,4.431,1.561,Healthy
,,,5-10,6.417,4.407,1.393,Healthy
,,,5-10,6.394,4.43,1.536,Healthy
,,,5-10,6.435,4.404,1.378,Healthy
,,,5-10,6.365,4.394,1.434,Healthy
,,,5-10,6.443,4.47,1.556,Healthy
,,,5-10,6.385,4.4,1.462,Healthy
,,,5-10,6.342,4.4,1.473,Healthy
,,,5-10,6.415,4.425,1.509,Healthy
,,,5-10,6.276,4.398,1.418,Healthy
,,,5-10,6.323,4.365,1.426,Healthy
,,,5-10,6.384,4.364,1.431,Healthy
,,,5-10,6.299,4.391,1.45,Healthy
,,,5-10,6.462,4.469,1.49,Healthy
,,,5-10,6.396,4.402,1.479,Healthy
,,,5-10,6.415,4.404,1.444,Healthy
,,,5-10,6.322,4.418,1.495,Healthy
,,,5-10,6.464,4.417,1.454,Healthy
,,,5-10,6.325,4.402,1.409,Healthy
,,,5-10,6.529,4.406,1.485,Healthy
,,,5-10,6.51,4.45,1.536,Healthy
,,,5-10,6.332,4.359,1.435,Healthy
,,,5-10,6.505,4.423,1.443,Healthy
,,,5-10,6.228,4.346,1.372,Healthy
,,,5-10,6.512,4.452,1.545,Healthy
,,,5-10,6.372,4.389,1.503,Healthy
,,,5-10,6.414,4.36,1.377,Healthy
,,,5-10,6.34,4.383,1.456,Healthy
,,,5-10,6.392,4.406,1.522,Healthy
,,,5-10,6.351,4.447,1.484,Healthy
,,,5-10,6.406,4.404,1.468,Healthy
,,,5-10,6.431,4.428,1.462,Healthy
,,,5-10,6.321,4.456,1.503,Healthy
,,,5-10,6.449,4.38,1.422,Healthy
,,,5-10,6.391,4.42,1.363,Healthy
,,,5-10,6.412,4.383,1.451,Healthy
,,,5-10,6.327,4.372,1.405,Healthy
,,,5-10,6.326,4.381,1.376,Healthy
,,,5-10,6.272,4.407,1.401,Healthy
,,,5-10,6.387,4.426,1.463,Healthy
,,,5-10,6.342,4.403,1.506,Healthy
,,,5-10,6.318,4.388,1.36,Healthy
,,,5-10,6.372,4.405,1.424,Healthy
,,,5-10,6.368,4.367,1.416,Healthy
,,,5-10,6.474,4.399,1.433,Healthy
,,,5-10,6.435,4.449,1.456,Healthy
,,,5-10,6.388,4.415,1.471,Healthy
,,,5-10,6.227,4.384,1.492,Healthy
,,,5-10,6.408,4.386,1.417,Healthy
,,,5-10,6.524,4.461,1.571,Healthy
,,,5-10,6.425,4.399,1.448,Healthy
,,,5-10,6.395,4.423,1.552,Healthy
,,,5-10,6.478,4.391,1.461,Healthy
,,,5-10,6.452,4.437,1.481,Healthy
,,,5-10,6.604,4.423,1.453,Healthy
,,,5-10,6.416,4.468,1.508,Healthy
,,,5-10,6.381,4.433,1.498,Healthy
,,,5-10,6.377,4.419,1.492,Healthy
,,,5-10,6.472,4.459,1.551,Healthy
,,,5-10,6.792,4.94,3.448,Subclinical
,,,5-10,6.782,4.922,3.472,Subclinical
,,,5-10,6.841,4.891,3.385,Subclinical
,,,5-10,6.752,4.882,3.387,Subclinical
,,,5-10,6.807,4.935,3.305,Subclinical
,,,5-10,6.741,4.935,3.247,Subclinical
,,,5-10,6.827,4.984,3.539,Subclinical
,,,5-10,6.772,4.809,3.329,Subclinical
,,,5-10,6.831,5.007,3.443,Subclinical
,,,5-10,6.783,4.896,3.332,Subclinical
,,,5-10,6.818,4.889,3.327,Subclinical
,,,5-10,6.736,4.809,3.307,Subclinical
,,,5-10,6.826,4.947,3.342,Subclinical
,,,5-10,6.814,5.033,3.463,Subclinical
,,,5-10,6.761,4.931,3.502,Subclinical
,,,5-10,6.759,4.836,3.362,Subclinical
,,,5-10,6.812,4.946,3.394,Subclinical
,,,5-10,6.82,4.978,3.411,Subclinical
,,,5-10,6.782,4.853,3.383,Subclinical
,,,5-10,6.77,4.889,3.37,Subclinical
,,,5-10,6.782,4.967,3.475,Subclinical
,,,5-10,6.774,4.954,3.452,Subclinical
,,,5-10,6.763,4.9,3.372,Subclinical
,,,5-10,6.8,4.917,3.378,Subclinical
,,,5-10,6.859,5.03,3.461,Subclinical
,,,5-10,6.803,4.944,3.447,Subclinical
,,,5-10,6.785,4.985,3.477,Subclinical
,,,5-10,6.778,4.971,3.457,Subclinical
,,,5-10,6.785,4.94,3.412,Subclinical
,,,5-10,6.78,4.89,3.331,Subclinical
,,,5-10,6.74,4.817,3.255,Subclinical
,,,5-10,6.773,4.92,3.383,Subclinical
,,,5-10,6.686,4.926,3.455,Subclinical
,,,5-10,6.798,5.031,3.441,Subclinical
,,,5-10,6.856,4.93,3.434,Subclinical
,,,5-10,6.729,4.881,3.381,Subclinical
,,,5-10,6.774,4.952,3.432,Subclinical
,,,5-10,6.759,4.875,3.406,Subclinical
,,,5-10,6.754,4.946,3.49,Subclinical
,,,5-10,6.713,4.925,3.515,Subclinical
,,,5-10,6.79,4.959,3.495,Subclinical
,,,5-10,6.769,4.921,3.322,Subclinical
,,,5-10,6.786,4.95,3.456,Subclinical
,,,5-10,6.823,4.914,3.37,Subclinical
,,,5-10,6.856,4.972,3.467,Subclinical
,,,5-10,6.777,4.876,3.457,Subclinical
,,,5-10,6.759,4.846,3.307,Subclinical
,,,5-10,6.7,4.824,3.249,Subclinical
,,,5-10,6.805,4.905,3.443,Subclinical
,,,5-10,6.836,5.004,3.467,Subclinical
,,,5-10,6.786,4.847,3.33,Subclinical
,,,5-10,6.746,4.928,3.552,Subclinical
,,,5-10,6.8,4.834,3.309,Subclinical
,,,5-10,6.785,4.928,3.365,Subclinical
,,,5-10,6.79,4.864,3.299,Subclinical
,,,5-10,6.806,4.889,3.409,Subclinical
,,,5-10,6.725,4.967,3.386,Subclinical
,,,5-10,6.771,4.93,3.374,Subclinical
,,,5-10,6.786,4.954,3.486,Subclinical
,,,5-10,6.812,4.936,3.41,Subclinical
,,,5-10,6.874,5.043,3.465,Subclinical
,,,5-10,6.784,4.906,3.381,Subclinical
,,,5-10,6.731,4.86,3.448,Subclinical
,,,5-10,6.803,4.811,3.382,Subclinical
,,,5-10,6.824,4.936,3.462,Subclinical
,,,5-10,6.746,4.869,3.439,Subclinical
,,,5-10,6.769,4.816,3.306,Subclinical
,,,5-10,6.777,4.979,3.45,Subclinical
,,,5-10,6.763,4.96,3.439,Subclinical
,,,5-10,6.75,4.955,3.437,Subclinical
,,,5-10,6.78,4.929,3.345,Subclinical
,,,5-10,6.759,4.904,3.371,Subclinical
,,,5-10,6.831,4.971,3.501,Subclinical
,,,5-10,6.78,4.974,3.47,Subclinical
,,,5-10,6.781,4.92,3.344,Subclinical
,,,5-10,6.8,4.934,3.386,Subclinical
,,,5-10,6.824,4.891,3.357,Subclinical
,,,5-10,6.821,4.969,3.445,Subclinical
,,,5-10,6.79,4.937,3.327,Subclinical
,,,5-10,6.766,4.991,3.42,Subclinical
,,,5-10,6.767,4.882,3.361,Subclinical
,,,5-10,6.757,4.926,3.414,Subclinical
,,,5-10,6.811,4.891,3.36,Subclinical
,,,5-10,6.771,4.936,3.366,Subclinical
,,,5-10,6.817,5.009,3.424,Subclinical
,,,5-10,6.76,4.877,3.515,Subclinical
,,,5-10,6.763,4.992,3.385,Subclinical
,,,5-10,6.74,4.854,3.288,Subclinical
,,,5-10,6.769,4.875,3.312,Subclinical
,,,5-10,6.826,5.019,3.547,Subclinical
,,,5-10,6.801,4.941,3.392,Subclinical
,,,5-10,6.742,4.908,3.316,Subclinical
,,,5-10,6.74,4.947,3.529,Subclinical
,,,5-10,6.796,4.989,3.447,Subclinical
,,,5-10,6.726,4.909,3.416,Subclinical
,,,5-10,6.783,4.91,3.448,Subclinical
,,,5-10,6.741,4.849,3.275,Subclinical
,,,5-10,6.783,4.867,3.315,Subclinical
,,,5-10,6.752,4.884,3.278,Subclinical
,,,5-10,6.783,4.986,3.465,Subclinical
,,,5-10,7.051,5.606,22.409,Clinical
,,,5-10,7.021,5.455,20.538,Clinical
,,,5-10,7.012,5.305,18.526,Clinical
,,,5-10,6.997,5.337,18.297,Clinical
,,,5-10,7.018,5.35,18.722,Clinical
,,,5-10,7.039,5.414,20.696,Clinical
,,,5-10,6.989,5.528,19.986,Clinical
,,,5-10,7.023,5.327,18.259,Clinical
,,,5-10,7.025,5.454,19.176,Clinical
,,,5-10,7.001,5.487,20.041,Clinical
,,,5-10,7.051,5.479,19.731,Clinical
,,,5-10,7.036,5.374,17.666,Clinical
,,,5-10,7.042,5.416,17.551,Clinical
,,,5-10,7.057,5.434,19.893,Clinical
,,,5-10,7.021,5.262,17.298,Clinical
,,,5-10,7.029,5.493,21.153,Clinical
,,,5-10,7.012,5.482,19.301,Clinical
,,,5-10,6.992,5.302,16.369,Clinical
,,,5-10,7.04,5.389,19.396,Clinical
,,,5-10,7.015,5.432,20.863,Clinical
,,,5-10,7.011,5.473,19.944,Clinical
,,,5-10,7.017,5.6,19.88,Clinical
,,,5-10,7.046,5.549,20.446,Clinical
,,,5-10,7.053,5.393,18.678,Clinical
,,,5-10,6.996,5.427,18.158,Clinical
,,,5-10,7.029,5.456,19.304,Clinical
,,,5-10,7.028,5.448,18.586,Clinical
,,,5-10,7.076,5.535,18.653,Clinical
,,,5-10,7.003,5.328,19.082,Clinical
,,,5-10,7.026,5.491,19.801,Clinical
,,,5-10,7.014,5.413,19.16,Clinical
,,,5-10,7.037,5.508,20.948,Clinical
,,,5-10,7.03,5.531,20.955,Clinical
,,,5-10,7.027,5.546,20.124,Clinical
,,,5-10,7.003,5.333,18.473,Clinical
,,,5-10,6.983,5.403,18.858,Clinical
,,,5-10,7.043,5.452,19.622,Clinical
,,,5-10,7.042,5.591,20.7,Clinical
,,,5-10,7.024,5.478,20.407,Clinical
,,,5-10,7.015,5.526,18.572,Clinical
,,,5-10,7.012,5.463,20.261,Clinical
,,,5-10,7.047,5.588,21.099,Clinical
,,,5-10,7.046,5.456,20.855,Clinical
,,,5-10,7.056,5.609,21.781,Clinical
,,,5-10,7.013,5.332,18.645,Clinical
,,,5-10,6.998,5.349,17.207,Clinical
,,,5-10,7.011,5.429,19.684,Clinical
,,,5-10,7.008,5.497,19.948,Clinical
,,,5-10,7.004,5.432,21.432,Clinical
,,,5-10,7.027,5.439,18.031,Clinical
,,,5-10,7.016,5.457,19.343,Clinical
,,,5-10,6.987,5.322,19.572,Clinical
,,,5-10,7.049,5.45,20.535,Clinical
,,,5-10,6.996,5.496,20.337,Clinical
,,,5-10,7.039,5.373,19.623,Clinical
,,,5-10,7.02,5.508,21.283,Clinical
,,,5-10,7.021,5.412,20.071,Clinical
,,,5-10,7.019,5.388,18.037,Clinical
,,,5-10,6.99,5.353,19.58,Clinical
,,,5-10,7.024,5.421,20.217,Clinical
,,,5-10,7.003,5.421,19.095,Clinical
,,,5-10,7.036,5.375,18.055,Clinical
,,,5-10,6.987,5.363,19.791,Clinical
,,,5-10,7.01,5.394,19.904,Clinical
,,,5-10,7.041,5.489,20.947,Clinical
,,,5-10,6.998,5.498,22.339,Clinical
,,,5-10,7.03,5.33,17.817,Clinical
,,,5-10,7.032,5.447,21.034,Clinical
,,,5-10,7.032,5.427,19.522,Clinical
,,,5-10,7.002,5.4,18.46,Clinical
,,,5-10,7.043,5.643,20.518,Clinical
,,,5-10,6.982,5.352,16.821,Clinical
,,,5-10,7.021,5.503,21.832,Clinical
,,,5-10,7.024,5.445,17.618,Clinical
,,,5-10,7.021,5.456,20.419,Clinical
,,,5-10,7.006,5.391,17.421,Clinical
,,,5-10,6.974,5.278,15.892,Clinical
,,,5-10,7.027,5.429,18.932,Clinical
,,,5-10,7.0,5.189,18.195,Clinical
,,,5-10,7.0,5.38,17.293,Clinical
,,,5-10,7.039,5.501,19.511,Clinical
,,,5-10,7.012,5.548,20.675,Clinical
,,,5-10,7.016,5.378,16.909,Clinical
,,,5-10,7.017,5.465,20.981,Clinical
,,,5-10,6.975,5.279,16.925,Clinical
,,,5-10,7.02,5.44,19.451,Clinical
,,,5-10,7.028,5.406,20.197,Clinical
,,,5-10,7.029,5.446,21.347,Clinical
,,,5-10,7.051,5.579,18.195,Clinical
,,,5-10,7.052,5.571,23.284,Clinical
,,,5-10,7.045,5.609,22.524,Clinical
,,,5-10,7.047,5.642,22.225,Clinical
,,,5-10,6.989,5.363,18.945,Clinical
,,,5-10,7.021,5.368,17.095,Clinical
,,,5-10,7.005,5.474,21.51,Clinical
,,,5-10,7.038,5.561,20.949,Clinical
,,,5-10,6.985,5.346,18.064,Clinical
,,,5-10,7.01,5.433,19.899,Clinical
,,,5-10,7.037,5.467,18.008,Clinical
,,,5-10,7.01,5.433,20.705,Clinical
,,,>10,6.459,4.277,1.241,Healthy
,,,>10,6.514,4.311,1.223,Healthy
,,,>10,6.458,4.254,1.163,Healthy
,,,>10,6.556,4.253,1.219,Healthy
,,,>10,6.501,4.277,1.199,Healthy
,,,>10,6.479,4.265,1.225,Healthy
,,,>10,6.51,4.342,1.236,Healthy
,,,>10,6.504,4.201,1.171,Healthy
,,,>10,6.41,4.229,1.149,Healthy
,,,>10,6.535,4.254,1.17,Healthy
,,,>10,6.639,4.32,1.247,Healthy
,,,>10,6.487,4.333,1.27,Healthy
,,,>10,6.448,4.223,1.135,Healthy
,,,>10,6.456,4.2,1.079,Healthy
,,,>10,6.435,4.273,1.196,Healthy
,,,>10,6.491,4.319,1.344,Healthy
,,,>10,6.485,4.236,1.133,Healthy
,,,>10,6.572,4.28,1.211,Healthy
,,,>10,6.437,4.216,1.178,Healthy
,,,>10,6.392,4.278,1.189,Healthy
,,,>10,6.497,4.209,1.156,Healthy
,,,>10,6.48,4.259,1.293,Healthy
,,,>10,6.526,4.241,1.15,Healthy
,,,>10,6.564,4.341,1.313,Healthy
,,,>10,6.572,4.314,1.352,Healthy
,,,>10,6.335,4.247,1.243,Healthy
,,,>10,6.39,4.197,1.088,Healthy
,,,>10,6.444,4.23,1.189,Healthy
,,,>10,6.588,4.339,1.247,Healthy
,,,>10,6.434,4.304,1.287,Healthy
,,,>10,6.517,4.292,1.242,Healthy
,,,>10,6.557,4.27,1.238,Healthy
,,,>10,6.374,4.201,1.101,Healthy
,,,>10,6.476,4.221,1.136,Healthy
,,,>10,6.374,4.254,1.189,Healthy
,,,>10,6.357,4.19,1.147,Healthy
,,,>10,6.461,4.226,1.167,Healthy
,,,>10,6.541,4.218,1.201,Healthy
,,,>10,6.438,4.248,1.191,Healthy
,,,>10,6.463,4.213,1.141,Healthy
,,,>10,6.656,4.255,1.313,Healthy
,,,>10,6.487,4.265,1.149,Healthy
,,,>10,6.441,4.228,1.112,Healthy
,,,>10,6.491,4.247,1.304,Healthy
,,,>10,6.405,4.244,1.201,Healthy
,,,>10,6.414,4.271,1.191,Healthy
,,,>10,6.286,4.233,1.101,Healthy
,,,>10,6.416,4.272,1.195,Healthy
,,,>10,6.593,4.346,1.265,Healthy
,,,>10,6.581,4.259,1.344,Healthy
,,,>10,6.448,4.295,1.291,Healthy
,,,>10,6.538,4.25,1.192,Healthy
,,,>10,6.316,4.223,1.179,Healthy
,,,>10,6.522,4.147,1.021,Healthy
,,,>10,6.443,4.263,1.225,Healthy
,,,>10,6.495,4.293,1.182,Healthy
,,,>10,6.565,4.306,1.283,Healthy
,,,>10,6.494,4.343,1.323,Healthy
,,,>10,6.423,4.255,1.243,Healthy
,,,>10,6.457,4.301,1.27,Healthy
,,,>10,6.299,4.221,1.132,Healthy
,,,>10,6.558,4.324,1.29,Healthy
,,,>10,6.66,4.306,1.304,Healthy
,,,>10,6.582,4.287,1.288,Healthy
,,,>10,6.456,4.236,1.105,Healthy
,,,>10,6.532,4.29,1.311,Healthy
,,,>10,6.581,4.279,1.165,Healthy
,,,>10,6.549,4.329,1.327,Healthy
,,,>10,6.608,4.29,1.219,Healthy
,,,>10,6.444,4.248,1.189,Healthy
,,,>10,6.529,4.27,1.213,Healthy
,,,>10,6.44,4.29,1.24,Healthy
,,,>10,6.494,4.234,1.104,Healthy
,,,>10,6.628,4.328,1.192,Healthy
,,,>10,6.579,4.329,1.293,Healthy
,,,>10,6.654,4.321,1.199,Healthy
,,,>10,6.543,4.29,1.207,Healthy
,,,>10,6.562,4.214,1.224,Healthy
,,,>10,6.431,4.205,1.142,Healthy
,,,>10,6.549,4.288,1.198,Healthy
,,,>10,6.464,4.209,1.141,Healthy
,,,>10,6.607,4.298,1.305,Healthy
,,,>10,6.641,4.283,1.231,Healthy
,,,>10,6.705,4.389,1.256,Healthy
,,,>10,6.545,4.28,1.281,Healthy
,,,>10,6.443,4.215,1.119,Healthy
,,,>10,6.459,4.29,1.168,Healthy
,,,>10,6.454,4.178,1.181,Healthy
,,,>10,6.624,4.29,1.23,Healthy
,,,>10,6.551,4.345,1.323,Healthy
,,,>10,6.447,4.183,1.061,Healthy
,,,>10,6.517,4.244,1.205,Healthy
,,,>10,6.46,4.21,1.087,Healthy
,,,>10,6.651,4.349,1.411,Healthy
,,,>10,6.559,4.266,1.296,Healthy
,,,>10,6.507,4.279,1.226,Healthy
,,,>10,6.245,4.261,1.222,Healthy
,,,>10,6.54,4.276,1.238,Healthy
,,,>10,6.456,4.281,1.151,Healthy
,,,>10,6.527,4.299,1.239,Healthy
,,,>10,6.886,4.788,3.437,Subclinical
,,,>10,6.877,4.855,3.484,Subclinical
,,,>10,6.897,4.811,3.654,Subclinical
,,,>10,6.766,4.749,3.633,Subclinical
,,,>10,6.862,4.805,3.64,Subclinical
,,,>10,6.894,4.852,3.806,Subclinical
,,,>10,6.937,4.89,4.03,Subclinical
,,,>10,6.864,4.849,3.863,Subclinical
,,,>10,6.934,4.886,3.755,Subclinical
,,,>10,6.784,4.762,3.682,Subclinical
,,,>10,6.75,4.795,3.668,Subclinical
,,,>10,6.941,4.858,3.608,Subclinical
,,,>10,6.793,4.745,3.352,Subclinical
,,,>10,6.847,4.766,3.802,Subclinical
,,,>10,6.767,4.842,3.974,Subclinical
,,,>10,6.923,4.814,3.771,Subclinical
,,,>10,6.771,4.825,3.689,Subclinical
,,,>10,6.831,4.757,3.048,Subclinical
,,,>10,6.787,4.84,3.681,Subclinical
,,,>10,6.848,4.843,4.112,Subclinical
,,,>10,6.953,4.813,3.359,Subclinical
,,,>10,7.025,4.979,4.296,Subclinical
,,,>10,6.771,4.828,3.691,Subclinical
,,,>10,6.852,4.855,3.881,Subclinical
,,,>10,6.777,4.775,3.665,Subclinical
,,,>10,6.896,4.845,3.969,Subclinical
,,,>10,6.835,4.818,3.08,Subclinical
,,,>10,6.829,4.841,3.696,Subclinical
,,,>10,6.827,4.763,3.704,Subclinical
,,,>10,6.898,4.87,3.563,Subclinical
,,,>10,6.849,4.804,3.604,Subclinical
,,,>10,6.817,4.789,3.755,Subclinical
,,,>10,6.726,4.845,3.844,Subclinical
,,,>10,6.857,4.857,3.564,Subclinical
,,,>10,6.813,4.797,3.875,Subclinical
,,,>10,6.857,4.838,3.659,Subclinical
,,,>10,6.894,4.904,4.17,Subclinical
,,,>10,6.854,4.847,3.899,Subclinical
,,,>10,6.895,4.881,4.115,Subclinical
,,,>10,6.851,4.844,3.714,Subclinical
,,,>10,6.795,4.784,3.565,Subclinical
,,,>10,6.744,4.813,3.15,Subclinical
,,,>10,7.05,4.955,4.146,Subclinical
,,,>10,6.861,4.833,3.644,Subclinical
,,,>10,6.873,4.819,3.693,Subclinical
,,,>10,6.873,4.769,3.557,Subclinical
,,,>10,6.871,4.83,3.705,Subclinical
,,,>10,6.94,4.835,3.82,Subclinical
,,,>10,6.951,4.851,3.872,Subclinical
,,,>10,6.853,4.87,3.821,Subclinical
,,,>10,6.95,4.849,3.671,Subclinical
,,,>10,6.908,4.825,3.852,Subclinical
,,,>10,6.669,4.748,3.346,Subclinical
,,,>10,6.786,4.769,3.421,Subclinical
,,,>10,6.857,4.761,3.577,Subclinical
,,,>10,6.956,4.868,4.037,Subclinical
,,,>10,6.937,4.901,4.333,Subclinical
,,,>10,6.825,4.776,3.704,Subclinical
,,,>10,6.91,4.872,4.234,Subclinical
,,,>10,6.861,4.838,3.59,Subclinical
,,,>10,7.009,4.862,3.827,Subclinical
,,,>10,6.836,4.783,3.453,Subclinical
,,,>10,6.823,4.748,3.327,Subclinical
,,,>10,6.996,4.903,4.18,Subclinical
,,,>10,6.942,4.929,3.757,Subclinical
,,,>10,6.774,4.753,3.388,Subclinical
,,,>10,6.839,4.793,3.658,Subclinical
,,,>10,6.862,4.79,3.217,Subclinical
,,,>10,6.79,4.771,3.488,Subclinical
,,,>10,6.781,4.769,3.32,Subclinical
,,,>10,6.851,4.771,3.396,Subclinical
,,,>10,6.768,4.779,3.396,Subclinical
,,,>10,6.923,4.861,3.846,Subclinical
,,,>10,6.804,4.815,3.806,Subclinical
,,,>10,6.87,4.892,4.027,Subclinical
,,,>10,6.924,4.85,3.946,Subclinical
,,,>10,6.804,4.78,3.63,Subclinical
,,,>10,6.884,4.851,4.015,Subclinical
,,,>10,6.76,4.741,3.473,Subclinical
,,,>10,6.809,4.945,4.189,Subclinical
,,,>10,6.855,4.796,3.544,Subclinical
,,,>10,6.862,4.826,3.645,Subclinical
,,,>10,6.841,4.87,4.118,Subclinical
,,,>10,6.878,4.77,3.652,Subclinical
,,,>10,6.969,4.919,4.19,Subclinical
,,,>10,6.96,4.86,3.978,Subclinical
,,,>10,6.812,4.815,3.923,Subclinical
,,,>10,6.819,4.768,3.55,Subclinical
,,,>10,6.844,4.842,3.692,Subclinical
,,,>10,6.98,4.81,3.94,Subclinical
,,,>10,6.806,4.724,3.431,Subclinical
,,,>10,6.842,4.766,3.225,Subclinical
,,,>10,6.859,4.861,3.949,Subclinical
,,,>10,6.864,4.842,3.776,Subclinical
,,,>10,6.76,4.722,3.333,Subclinical
,,,>10,6.849,4.852,3.948,Subclinical
,,,>10,6.902,4.824,3.482,Subclinical
,,,>10,6.889,4.853,3.387,Subclinical
,,,>10,6.802,4.769,3.552,Subclinical
,,,>10,6.804,4.797,3.584,Subclinical
,,,>10,7.045,5.408,13.501,Clinical
,,,>10,7.018,5.448,14.935,Clinical
,,,>10,7.027,5.55,15.065,Clinical
,,,>10,7.096,5.493,13.136,Clinical
,,,>10,7.062,5.508,15.123,Clinical
,,,>10,7.031,5.437,13.846,Clinical
,,,>10,7.041,5.52,15.309,Clinical
,,,>10,7.068,5.481,14.537,Clinical
,,,>10,7.015,5.387,10.664,Clinical
,,,>10,7.032,5.436,14.863,Clinical
,,,>10,7.042,5.484,12.73,Clinical
,,,>10,7.048,5.339,12.333,Clinical
,,,>10,7.044,5.559,15.856,Clinical
,,,>10,7.051,5.469,14.017,Clinical
,,,>10,7.034,5.477,13.394,Clinical
,,,>10,7.068,5.468,15.527,Clinical
,,,>10,7.079,5.387,13.477,Clinical
,,,>10,7.024,5.291,11.979,Clinical
,,,>10,7.123,5.632,18.259,Clinical
,,,>10,7.075,5.452,14.255,Clinical
,,,>10,7.068,5.531,14.775,Clinical
,,,>10,7.005,5.65,16.085,Clinical
,,,>10,7.04,5.463,14.375,Clinical
,,,>10,7.054,5.574,15.558,Clinical
,,,>10,7.015,5.403,13.523,Clinical
,,,>10,7.093,5.627,16.392,Clinical
,,,>10,7.012,5.316,13.164,Clinical
,,,>10,7.06,5.457,14.158,Clinical
,,,>10,7.032,5.44,12.101,Clinical
,,,>10,7.017,5.37,14.816,Clinical
,,,>10,7.026,5.445,14.608,Clinical
,,,>10,7.089,5.628,16.232,Clinical
,,,>10,7.036,5.397,13.747,Clinical
,,,>10,7.037,5.492,15.259,Clinical
,,,>10,7.068,5.594,17.678,Clinical
,,,>10,7.054,5.56,15.21,Clinical
,,,>10,7.086,5.607,17.043,Clinical
,,,>10,7.053,5.423,12.951,Clinical
,,,>10,7.049,5.585,15.468,Clinical
,,,>10,7.074,5.572,15.447,Clinical
,,,>10,7.089,5.31,12.183,Clinical
,,,>10,7.023,5.364,13.951,Clinical
,,,>10,7.059,5.514,15.7,Clinical
,,,>10,7.021,5.332,13.707,Clinical
,,,>10,7.031,5.32,14.176,Clinical
,,,>10,7.092,5.655,16.725,Clinical
,,,>10,7.069,5.604,15.394,Clinical
,,,>10,7.083,5.544,16.357,Clinical
,,,>10,7.056,5.578,15.929,Clinical
,,,>10,7.005,5.511,14.033,Clinical
,,,>10,7.088,5.522,16.424,Clinical
,,,>10,7.084,5.557,16.094,Clinical
,,,>10,7.063,5.336,13.614,Clinical
,,,>10,7.017,5.43,13.138,Clinical
,,,>10,7.014,5.537,16.219,Clinical
,,,>10,7.05,5.484,14.593,Clinical
,,,>10,7.067,5.445,15.471,Clinical
,,,>10,7.042,5.426,14.288,Clinical
,,,>10,7.032,5.467,14.106,Clinical
,,,>10,7.064,5.585,15.127,Clinical
,,,>10,7.046,5.499,14.542,Clinical
,,,>10,7.064,5.534,16.371,Clinical
,,,>10,7.032,5.369,13.417,Clinical
,,,>10,7.021,5.467,13.478,Clinical
,,,>10,7.12,5.68,16.875,Clinical
,,,>10,7.076,5.386,16.405,Clinical
,,,>10,7.032,5.433,12.535,Clinical
,,,>10,7.065,5.408,14.274,Clinical
,,,>10,7.034,5.362,12.882,Clinical
,,,>10,7.057,5.383,13.202,Clinical
,,,>10,7.07,5.701,17.35,Clinical
,,,>10,7.022,5.398,13.98,Clinical
,,,>10,7.04,5.523,15.359,Clinical
,,,>10,7.077,5.489,16.223,Clinical
,,,>10,7.045,5.388,15.994,Clinical
,,,>10,6.995,5.327,12.606,Clinical
,,,>10,7.125,5.727,18.739,Clinical
,,,>10,7.04,5.64,16.59,Clinical
,,,>10,7.079,5.53,15.302,Clinical
,,,>10,7.042,5.442,14.996,Clinical
,,,>10,7.061,5.485,16.309,Clinical
,,,>10,6.961,5.369,14.158,Clinical
,,,>10,7.084,5.519,15.465,Clinical
,,,>10,7.08,5.631,15.996,Clinical
,,,>10,7.058,5.611,14.011,Clinical
,,,>10,7.029,5.55,16.407,Clinical
,,,>10,7.066,5.46,13.823,Clinical
,,,>10,7.032,5.561,14.882,Clinical
,,,>10,7.053,5.417,15.022,Clinical
,,,>10,7.034,5.437,12.743,Clinical
,,,>10,7.002,5.394,12.583,Clinical
,,,>10,7.113,5.412,13.606,Clinical
,,,>10,7.051,5.443,13.401,Clinical
,,,>10,7.021,5.349,13.215,Clinical
,,,>10,7.109,5.568,16.923,Clinical
,,,>10,7.065,5.579,13.097,Clinical
,,,>10,7.041,5.556,14.918,Clinical
,,,>10,7.103,5.667,16.245,Clinical
,,,>10,7.035,5.369,13.115,Clinical
,,,>10,7.013,5.444,12.96,Clinical
